filename,width,height,class,xmin,ymin,xmax,ymax
train_00_03000_07800.jpg,600,600,ship,45,585,56,600
train_00_03000_07800.jpg,600,600,ship,38,581,44,600
train_00_03000_07800.jpg,600,600,ship,31,580,36,600
train_00_03600_07200.jpg,600,600,ship,591,0,600,33
train_00_03600_07200.jpg,600,600,ship,591,94,600,131
train_00_03600_07200.jpg,600,600,ship,584,191,595,210
train_00_03600_07200.jpg,600,600,ship,581,110,588,122
train_00_03600_07200.jpg,600,600,ship,587,117,593,127
train_00_03600_07800.jpg,600,600,ship,14,82,39,145
train_00_03600_07800.jpg,600,600,ship,3,177,19,221
train_00_03600_08400.jpg,600,600,barge,408,423,453,502
train_00_03600_08400.jpg,600,600,barge,433,277,469,385
train_00_03600_08400.jpg,600,600,barge,462,190,499,261
train_00_03600_09000.jpg,600,600,unknown,54,396,65,412
train_00_04800_01200.jpg,600,600,ship,56,574,63,596
train_00_04800_01200.jpg,600,600,ship,50,517,66,558
train_00_04800_01200.jpg,600,600,ship,42,453,61,498
train_00_04800_01200.jpg,600,600,ship,41,410,51,445
train_00_04800_01200.jpg,600,600,ship,37,388,46,406
train_00_04800_01200.jpg,600,600,ship,25,283,37,322
train_00_04800_01200.jpg,600,600,ship,16,222,32,262
train_00_04800_07800.jpg,600,600,ship,230,360,254,399
train_00_04800_07800.jpg,600,600,ship,275,488,294,520
train_00_05400_00000.jpg,600,600,unknown,393,50,407,59
train_00_05400_00000.jpg,600,600,ship,443,52,484,66
train_00_05400_00000.jpg,600,600,ship,53,80,83,108
train_00_05400_00000.jpg,600,600,ship,345,52,386,64
train_00_05400_00000.jpg,600,600,barge,148,69,204,90
train_00_05400_00000.jpg,600,600,barge,148,84,194,104
train_00_05400_00000.jpg,600,600,ship,155,104,181,111
train_00_05400_01800.jpg,600,600,ship,138,48,156,59
train_00_05400_01800.jpg,600,600,ship,102,54,118,63
train_00_05400_01800.jpg,600,600,ship,119,60,134,67
train_00_05400_01800.jpg,600,600,ship,241,49,272,60
train_00_05400_01800.jpg,600,600,ship,241,36,266,47
train_00_05400_01800.jpg,600,600,ship,211,50,241,60
train_00_05400_01800.jpg,600,600,ship,213,41,241,51
train_00_05400_04800.jpg,600,600,ship,110,520,126,570
train_00_05400_04800.jpg,600,600,ship,132,566,146,595
train_00_05400_04800.jpg,600,600,ship,130,528,140,554
train_00_05400_04800.jpg,600,600,barge,117,581,131,600
train_00_05400_04800.jpg,600,600,ship,130,413,139,457
train_00_05400_04800.jpg,600,600,ship,340,206,347,224
train_00_05400_04800.jpg,600,600,ship,320,207,327,226
train_00_05400_04800.jpg,600,600,ship,308,213,314,229
train_00_05400_04800.jpg,600,600,ship,298,212,305,229
train_00_05400_04800.jpg,600,600,ship,287,216,291,227
train_00_05400_04800.jpg,600,600,ship,278,217,283,232
train_00_05400_04800.jpg,600,600,ship,265,216,272,232
train_00_05400_04800.jpg,600,600,ship,257,218,263,234
train_00_05400_04800.jpg,600,600,ship,329,212,335,227
train_00_05400_04800.jpg,600,600,ship,327,210,333,225
train_00_05400_04800.jpg,600,600,ship,110,231,121,250
train_00_05400_04800.jpg,600,600,ship,124,229,131,249
train_00_05400_04800.jpg,600,600,ship,133,229,139,243
train_00_05400_04800.jpg,600,600,ship,142,229,149,246
train_00_05400_04800.jpg,600,600,ship,152,227,157,243
train_00_05400_04800.jpg,600,600,ship,161,227,169,246
train_00_05400_04800.jpg,600,600,ship,171,226,175,243
train_00_05400_04800.jpg,600,600,ship,200,221,207,238
train_00_05400_04800.jpg,600,600,ship,209,222,215,241
train_00_05400_04800.jpg,600,600,ship,218,221,223,237
train_00_05400_04800.jpg,600,600,ship,225,218,231,236
train_00_05400_04800.jpg,600,600,ship,180,225,187,243
train_00_05400_04800.jpg,600,600,ship,188,226,195,240
train_00_05400_04800.jpg,600,600,ship,236,220,243,235
train_00_05400_04800.jpg,600,600,ship,243,218,250,233
train_00_05400_04800.jpg,600,600,ship,167,203,173,218
train_00_05400_04800.jpg,600,600,ship,159,203,167,220
train_00_05400_04800.jpg,600,600,ship,150,198,156,221
train_00_05400_04800.jpg,600,600,ship,141,203,148,222
train_00_05400_04800.jpg,600,600,ship,128,203,135,219
train_00_05400_04800.jpg,600,600,ship,121,204,128,222
train_00_05400_04800.jpg,600,600,ship,109,206,117,223
train_00_05400_04800.jpg,600,600,ship,182,165,211,216
train_00_05400_04800.jpg,600,600,ship,275,163,285,210
train_00_05400_04800.jpg,600,600,ship,289,160,301,205
train_00_05400_04800.jpg,600,600,ship,312,155,324,203
train_00_05400_04800.jpg,600,600,ship,337,187,348,203
train_00_05400_04800.jpg,600,600,ship,222,269,228,289
train_00_05400_04800.jpg,600,600,ship,245,273,253,289
train_00_05400_04800.jpg,600,600,ship,256,274,262,285
train_00_05400_04800.jpg,600,600,ship,268,270,274,286
train_00_05400_04800.jpg,600,600,ship,286,268,293,285
train_00_05400_04800.jpg,600,600,ship,297,264,303,285
train_00_05400_04800.jpg,600,600,ship,306,266,314,284
train_00_05400_04800.jpg,600,600,ship,314,263,322,282
train_00_05400_04800.jpg,600,600,ship,326,262,334,280
train_00_05400_04800.jpg,600,600,ship,347,263,354,282
train_00_05400_04800.jpg,600,600,ship,220,296,231,315
train_00_05400_04800.jpg,600,600,ship,232,296,241,313
train_00_05400_04800.jpg,600,600,ship,245,297,252,312
train_00_05400_04800.jpg,600,600,ship,255,294,262,312
train_00_05400_04800.jpg,600,600,ship,265,295,271,312
train_00_05400_04800.jpg,600,600,ship,272,297,282,311
train_00_05400_04800.jpg,600,600,ship,283,293,292,310
train_00_05400_04800.jpg,600,600,ship,306,288,315,311
train_00_05400_04800.jpg,600,600,ship,314,288,322,306
train_00_05400_04800.jpg,600,600,ship,328,287,336,307
train_00_05400_04800.jpg,600,600,ship,335,288,344,304
train_00_05400_04800.jpg,600,600,ship,346,290,355,309
train_00_05400_04800.jpg,600,600,ship,349,335,359,359
train_00_05400_04800.jpg,600,600,ship,331,342,339,361
train_00_05400_04800.jpg,600,600,ship,318,344,325,361
train_00_05400_04800.jpg,600,600,ship,309,344,317,361
train_00_05400_04800.jpg,600,600,ship,293,344,301,364
train_00_05400_04800.jpg,600,600,ship,285,346,292,362
train_00_05400_04800.jpg,600,600,ship,269,348,276,362
train_00_05400_04800.jpg,600,600,ship,223,339,262,355
train_00_05400_04800.jpg,600,600,ship,220,355,263,369
train_00_05400_04800.jpg,600,600,ship,351,367,363,390
train_00_05400_04800.jpg,600,600,ship,331,369,340,387
train_00_05400_04800.jpg,600,600,ship,321,367,329,386
train_00_05400_04800.jpg,600,600,ship,311,370,320,388
train_00_05400_04800.jpg,600,600,ship,290,370,299,386
train_00_05400_04800.jpg,600,600,ship,281,367,290,387
train_00_05400_04800.jpg,600,600,ship,323,414,333,430
train_00_05400_04800.jpg,600,600,ship,312,413,322,432
train_00_05400_04800.jpg,600,600,ship,294,416,304,432
train_00_05400_04800.jpg,600,600,ship,278,415,286,433
train_00_05400_04800.jpg,600,600,ship,267,414,276,434
train_00_05400_04800.jpg,600,600,ship,251,414,258,433
train_00_05400_04800.jpg,600,600,ship,241,414,249,428
train_00_05400_04800.jpg,600,600,ship,220,400,236,429
train_00_05400_04800.jpg,600,600,ship,206,399,222,433
train_00_05400_04800.jpg,600,600,ship,194,406,207,433
train_00_05400_04800.jpg,600,600,ship,182,403,196,434
train_00_05400_04800.jpg,600,600,ship,156,408,169,435
train_00_05400_04800.jpg,600,600,ship,185,445,197,466
train_00_05400_04800.jpg,600,600,ship,201,441,211,467
train_00_05400_04800.jpg,600,600,ship,215,442,225,466
train_00_05400_04800.jpg,600,600,ship,238,434,251,465
train_00_05400_04800.jpg,600,600,ship,252,442,262,462
train_00_05400_04800.jpg,600,600,ship,270,441,279,461
train_00_05400_04800.jpg,600,600,ship,298,441,306,456
train_00_05400_04800.jpg,600,600,ship,319,440,327,457
train_00_05400_04800.jpg,600,600,ship,338,436,347,457
train_00_05400_04800.jpg,600,600,ship,355,435,367,462
train_00_05400_04800.jpg,600,600,ship,254,489,265,508
train_00_05400_04800.jpg,600,600,ship,257,513,267,530
train_00_05400_04800.jpg,600,600,ship,276,489,285,508
train_00_05400_04800.jpg,600,600,ship,300,491,309,505
train_00_05400_04800.jpg,600,600,ship,310,486,318,504
train_00_05400_04800.jpg,600,600,ship,333,485,340,503
train_00_05400_04800.jpg,600,600,ship,344,486,352,502
train_00_05400_04800.jpg,600,600,ship,353,482,361,500
train_00_05400_04800.jpg,600,600,ship,364,509,372,525
train_00_05400_04800.jpg,600,600,ship,355,509,362,525
train_00_05400_04800.jpg,600,600,ship,346,508,354,525
train_00_05400_04800.jpg,600,600,ship,335,510,343,529
train_00_05400_04800.jpg,600,600,ship,325,511,333,527
train_00_05400_04800.jpg,600,600,ship,303,514,312,531
train_00_05400_04800.jpg,600,600,ship,288,512,298,533
train_00_05400_04800.jpg,600,600,ship,259,566,271,595
train_00_05400_04800.jpg,600,600,ship,273,562,281,579
train_00_05400_04800.jpg,600,600,ship,282,561,292,577
train_00_05400_04800.jpg,600,600,ship,293,560,302,573
train_00_05400_04800.jpg,600,600,ship,306,555,314,572
train_00_05400_04800.jpg,600,600,ship,330,555,336,568
train_00_05400_04800.jpg,600,600,ship,337,554,346,570
train_00_05400_04800.jpg,600,600,ship,349,551,356,569
train_00_05400_04800.jpg,600,600,ship,369,577,377,593
train_00_05400_04800.jpg,600,600,ship,360,572,367,588
train_00_05400_04800.jpg,600,600,ship,328,578,339,597
train_00_05400_04800.jpg,600,600,ship,308,580,319,597
train_00_05400_04800.jpg,600,600,ship,283,582,293,599
train_00_05400_04800.jpg,600,600,ship,213,541,231,580
train_00_05400_04800.jpg,600,600,ship,196,539,212,572
train_00_05400_04800.jpg,600,600,ship,167,576,177,597
train_00_05400_04800.jpg,600,600,ship,176,561,187,587
train_00_05400_04800.jpg,600,600,ship,172,522,183,545
train_00_05400_04800.jpg,600,600,ship,161,517,173,549
train_00_06000_00000.jpg,600,600,barge,229,533,255,558
train_00_06000_01200.jpg,600,600,unknown,421,435,486,452
train_00_06000_02400.jpg,600,600,ship,151,367,173,382
train_00_06000_02400.jpg,600,600,barge,241,296,317,362
train_00_06000_02400.jpg,600,600,ship,462,251,479,279
train_00_06000_03000.jpg,600,600,ship,420,64,433,87
train_00_06000_03000.jpg,600,600,ship,470,556,491,600
train_00_06000_04800.jpg,600,600,ship,61,221,74,242
train_00_06000_04800.jpg,600,600,ship,140,33,147,56
train_00_06000_04800.jpg,600,600,ship,135,4,147,24
train_00_06000_04800.jpg,600,600,barge,33,32,58,86
train_00_06000_04800.jpg,600,600,barge,117,0,131,19
train_00_06000_04800.jpg,600,600,barge,123,27,134,56
train_00_06000_04800.jpg,600,600,ship,270,27,280,42
train_00_06000_04800.jpg,600,600,ship,282,23,291,44
train_00_06000_04800.jpg,600,600,ship,293,23,303,44
train_00_06000_04800.jpg,600,600,ship,302,25,312,41
train_00_06000_04800.jpg,600,600,ship,333,20,342,37
train_00_06000_04800.jpg,600,600,ship,353,19,361,39
train_00_06000_04800.jpg,600,600,ship,361,14,371,33
train_00_06000_04800.jpg,600,600,ship,373,17,381,38
train_00_06000_04800.jpg,600,600,ship,354,45,364,62
train_00_06000_04800.jpg,600,600,ship,344,45,354,63
train_00_06000_04800.jpg,600,600,ship,336,46,344,64
train_00_06000_04800.jpg,600,600,ship,314,48,324,65
train_00_06000_04800.jpg,600,600,ship,304,50,313,67
train_00_06000_04800.jpg,600,600,ship,293,51,303,69
train_00_06000_04800.jpg,600,600,ship,272,54,282,70
train_00_06000_04800.jpg,600,600,ship,349,96,357,112
train_00_06000_04800.jpg,600,600,ship,378,91,387,110
train_00_06000_04800.jpg,600,600,ship,363,94,371,111
train_00_06000_04800.jpg,600,600,ship,338,93,348,112
train_00_06000_04800.jpg,600,600,ship,328,93,335,110
train_00_06000_04800.jpg,600,600,ship,320,94,328,114
train_00_06000_04800.jpg,600,600,ship,313,97,319,114
train_00_06000_04800.jpg,600,600,ship,359,153,390,166
train_00_06000_04800.jpg,600,600,ship,248,164,273,173
train_00_06000_04800.jpg,600,600,ship,241,112,258,146
train_00_06000_04800.jpg,600,600,ship,240,71,251,99
train_00_06000_04800.jpg,600,600,ship,227,75,241,106
train_00_06000_04800.jpg,600,600,ship,219,1,232,36
train_00_06000_04800.jpg,600,600,ship,203,0,218,23
train_00_06000_04800.jpg,600,600,ship,211,45,223,73
train_00_06000_04800.jpg,600,600,ship,181,0,191,28
train_00_06000_04800.jpg,600,600,ship,166,20,182,51
train_00_06000_04800.jpg,600,600,ship,145,62,182,78
train_00_06000_04800.jpg,600,600,ship,206,76,220,84
train_00_06000_04800.jpg,600,600,ship,186,76,202,83
train_00_06000_04800.jpg,600,600,ship,166,78,181,85
train_00_06000_04800.jpg,600,600,ship,144,81,160,87
train_00_06000_04800.jpg,600,600,ship,143,98,186,112
train_00_06000_04800.jpg,600,600,ship,200,99,222,108
train_00_06000_04800.jpg,600,600,ship,219,85,227,97
train_00_06000_04800.jpg,600,600,ship,215,135,236,144
train_00_06000_04800.jpg,600,600,ship,145,116,197,133
train_00_06000_04800.jpg,600,600,ship,213,109,230,118
train_00_06000_04800.jpg,600,600,ship,231,113,238,133
train_00_06000_04800.jpg,600,600,ship,191,148,214,156
train_00_06000_04800.jpg,600,600,ship,222,145,239,155
train_00_06000_04800.jpg,600,600,ship,234,154,243,173
train_00_06600_01200.jpg,600,600,ship,427,505,452,535
train_00_06600_01200.jpg,600,600,ship,470,481,486,498
train_00_06600_01200.jpg,600,600,ship,499,448,529,479
train_00_06600_01200.jpg,600,600,unknown,533,435,543,448
train_00_06600_01200.jpg,600,600,ship,556,414,571,429
train_00_06600_01200.jpg,600,600,ship,572,399,588,410
train_00_06600_01200.jpg,600,600,ship,576,406,592,419
train_00_06600_01200.jpg,600,600,ship,592,383,600,399
train_00_06600_01800.jpg,600,600,barge,178,310,209,337
train_00_06600_01800.jpg,600,600,ship,296,224,310,238
train_00_06600_01800.jpg,600,600,ship,293,231,307,243
train_00_06600_03000.jpg,600,600,unknown,479,69,506,85
train_00_06600_04800.jpg,600,600,barge,110,381,125,415
train_00_06600_04800.jpg,600,600,barge,105,350,111,373
train_00_06600_04800.jpg,600,600,barge,113,348,123,375
train_00_06600_04800.jpg,600,600,barge,110,323,122,345
train_00_06600_04800.jpg,600,600,barge,113,296,121,319
train_00_06600_04800.jpg,600,600,ship,87,75,116,208
train_00_06600_08400.jpg,600,600,ship,363,203,381,229
train_00_07200_01800.jpg,600,600,barge,30,582,71,597
train_00_07200_01800.jpg,600,600,barge,101,574,151,591
train_00_07200_01800.jpg,600,600,barge,320,498,332,544
train_00_07200_01800.jpg,600,600,barge,172,564,224,583
train_00_07200_03000.jpg,600,600,ship,48,483,59,504
train_00_07200_03000.jpg,600,600,ship,64,460,81,467
train_00_07200_03000.jpg,600,600,ship,64,478,72,497
train_00_07200_03000.jpg,600,600,ship,53,453,69,457
train_00_07200_03000.jpg,600,600,ship,126,442,133,466
train_00_07200_03000.jpg,600,600,ship,124,473,133,496
train_00_07200_03000.jpg,600,600,ship,81,480,89,497
train_00_07200_04800.jpg,600,600,ship,472,251,499,271
train_00_07200_04800.jpg,600,600,barge,491,228,554,251
train_00_07200_04800.jpg,600,600,barge,493,212,531,231
train_00_07200_07200.jpg,600,600,ship,386,439,409,466
train_00_07200_07200.jpg,600,600,ship,288,480,308,494
train_00_07800_00000.jpg,600,600,ship,43,530,110,589
train_00_07800_02400.jpg,600,600,barge,458,506,509,530
train_00_07800_02400.jpg,600,600,barge,396,488,446,504
train_00_07800_02400.jpg,600,600,barge,393,469,444,485
train_00_07800_02400.jpg,600,600,barge,397,448,442,467
train_00_07800_02400.jpg,600,600,barge,455,489,507,505
train_00_07800_02400.jpg,600,600,barge,446,470,508,484
train_00_07800_02400.jpg,600,600,barge,446,438,513,470
train_00_07800_02400.jpg,600,600,barge,560,426,600,456
train_00_07800_02400.jpg,600,600,ship,400,506,426,513
train_00_07800_02400.jpg,600,600,ship,375,389,407,397
train_00_07800_02400.jpg,600,600,ship,443,416,448,437
train_00_07800_02400.jpg,600,600,ship,438,420,443,438
train_00_07800_02400.jpg,600,600,ship,432,419,438,437
train_00_07800_02400.jpg,600,600,ship,370,399,402,407
train_00_07800_02400.jpg,600,600,ship,367,406,399,414
train_00_07800_02400.jpg,600,600,ship,369,414,401,422
train_00_07800_02400.jpg,600,600,ship,408,413,431,423
train_00_07800_02400.jpg,600,600,ship,369,419,404,427
train_00_07800_02400.jpg,600,600,barge,477,392,600,436
train_00_07800_02400.jpg,600,600,barge,499,383,548,403
train_00_07800_02400.jpg,600,600,barge,384,425,433,438
train_00_07800_02400.jpg,600,600,barge,389,198,471,224
train_00_07800_02400.jpg,600,600,barge,395,180,433,195
train_00_07800_02400.jpg,600,600,barge,443,170,505,191
train_00_07800_02400.jpg,600,600,barge,474,198,535,218
train_00_07800_03000.jpg,600,600,barge,0,453,27,471
train_00_07800_03000.jpg,600,600,unknown,395,99,410,140
train_00_07800_04200.jpg,600,600,ship,247,72,261,104
train_00_07800_04200.jpg,600,600,ship,263,70,271,97
train_00_07800_04200.jpg,600,600,ship,275,75,282,97
train_00_07800_04200.jpg,600,600,ship,285,67,297,93
train_00_07800_04200.jpg,600,600,ship,296,73,306,95
train_00_07800_04200.jpg,600,600,ship,307,59,318,93
train_00_07800_04200.jpg,600,600,ship,331,64,343,91
train_00_07800_04200.jpg,600,600,ship,344,62,355,90
train_00_07800_04200.jpg,600,600,ship,365,64,379,88
train_00_07800_04200.jpg,600,600,ship,254,110,266,135
train_00_07800_04200.jpg,600,600,ship,266,104,275,131
train_00_07800_04200.jpg,600,600,ship,277,105,288,134
train_00_07800_04200.jpg,600,600,ship,289,101,299,128
train_00_07800_04200.jpg,600,600,ship,301,101,311,125
train_00_07800_04200.jpg,600,600,ship,312,103,322,130
train_00_07800_04200.jpg,600,600,ship,324,100,332,123
train_00_07800_04200.jpg,600,600,ship,336,96,346,126
train_00_07800_04200.jpg,600,600,ship,348,95,357,119
train_00_07800_04200.jpg,600,600,ship,357,93,371,125
train_00_07800_04200.jpg,600,600,ship,371,203,383,231
train_00_07800_04200.jpg,600,600,ship,333,200,347,232
train_00_07800_04200.jpg,600,600,ship,318,199,332,231
train_00_07800_04200.jpg,600,600,ship,277,211,288,236
train_00_07800_04200.jpg,600,600,ship,331,164,345,196
train_00_07800_04200.jpg,600,600,ship,260,170,274,202
train_00_07800_04200.jpg,600,600,ship,368,268,374,283
train_00_07800_04200.jpg,600,600,ship,359,271,366,287
train_00_07800_04200.jpg,600,600,ship,341,272,347,289
train_00_07800_04200.jpg,600,600,ship,330,275,337,290
train_00_07800_04200.jpg,600,600,ship,321,273,328,290
train_00_07800_04200.jpg,600,600,ship,301,275,308,296
train_00_07800_04200.jpg,600,600,ship,291,278,300,296
train_00_07800_04200.jpg,600,600,ship,281,275,289,298
train_00_07800_04200.jpg,600,600,ship,269,279,277,296
train_00_07800_04200.jpg,600,600,ship,359,297,369,316
train_00_07800_04200.jpg,600,600,ship,352,299,358,315
train_00_07800_04200.jpg,600,600,ship,343,298,351,315
train_00_07800_04200.jpg,600,600,ship,322,297,332,322
train_00_07800_04200.jpg,600,600,ship,286,306,294,323
train_00_07800_04200.jpg,600,600,ship,278,305,283,327
train_00_07800_04200.jpg,600,600,ship,367,362,378,388
train_00_07800_04200.jpg,600,600,ship,354,364,368,390
train_00_07800_04200.jpg,600,600,ship,342,356,354,389
train_00_07800_04200.jpg,600,600,ship,330,363,342,389
train_00_07800_04200.jpg,600,600,ship,317,362,331,392
train_00_07800_04200.jpg,600,600,ship,305,366,317,393
train_00_07800_04200.jpg,600,600,ship,293,364,306,395
train_00_07800_04200.jpg,600,600,ship,280,365,294,398
train_00_07800_04200.jpg,600,600,ship,290,445,302,475
train_00_07800_04200.jpg,600,600,ship,303,439,317,474
train_00_07800_04200.jpg,600,600,ship,315,438,328,473
train_00_07800_04200.jpg,600,600,ship,328,431,344,469
train_00_07800_04200.jpg,600,600,ship,369,441,382,465
train_00_07800_04200.jpg,600,600,ship,292,482,305,520
train_00_07800_04200.jpg,600,600,ship,308,481,320,511
train_00_07800_04200.jpg,600,600,ship,333,476,347,513
train_00_07800_04200.jpg,600,600,ship,349,477,361,507
train_00_07800_04200.jpg,600,600,ship,371,476,383,506
train_00_07800_04200.jpg,600,600,ship,403,431,417,461
train_00_07800_04200.jpg,600,600,ship,391,434,407,465
train_00_07800_04200.jpg,600,600,ship,409,471,421,502
train_00_07800_04200.jpg,600,600,ship,397,472,409,502
train_00_07800_04200.jpg,600,600,ship,385,472,396,505
train_00_07800_04200.jpg,600,600,ship,431,354,437,372
train_00_07800_04200.jpg,600,600,ship,407,353,418,381
train_00_07800_04200.jpg,600,600,ship,392,353,403,384
train_00_07800_04200.jpg,600,600,ship,382,357,392,385
train_00_07800_04200.jpg,600,600,ship,423,476,434,502
train_00_07800_04200.jpg,600,600,ship,488,577,501,600
train_00_07800_04200.jpg,600,600,ship,535,570,549,600
train_00_07800_04200.jpg,600,600,ship,521,577,533,600
train_00_07800_04200.jpg,600,600,ship,507,571,518,600
train_00_07800_04200.jpg,600,600,unknown,567,575,578,600
train_00_07800_04200.jpg,600,600,ship,587,575,598,600
train_00_07800_04200.jpg,600,600,unknown,561,469,572,496
train_00_07800_04200.jpg,600,600,unknown,586,468,597,498
train_00_07800_04200.jpg,600,600,ship,500,474,513,508
train_00_07800_04200.jpg,600,600,ship,487,475,498,507
train_00_07800_04200.jpg,600,600,ship,473,478,485,506
train_00_07800_04200.jpg,600,600,ship,463,477,473,510
train_00_07800_04200.jpg,600,600,ship,450,478,463,514
train_00_07800_04200.jpg,600,600,ship,434,483,448,517
train_00_07800_04200.jpg,600,600,unknown,550,467,562,500
train_00_07800_04200.jpg,600,600,unknown,534,474,547,506
train_00_07800_04200.jpg,600,600,unknown,574,468,583,495
train_00_07800_04200.jpg,600,600,ship,498,423,504,437
train_00_07800_04200.jpg,600,600,ship,594,411,600,429
train_00_07800_04200.jpg,600,600,ship,525,418,532,437
train_00_07800_04200.jpg,600,600,ship,535,417,543,433
train_00_07800_04200.jpg,600,600,ship,546,420,551,432
train_00_07800_04200.jpg,600,600,ship,555,418,561,433
train_00_07800_04200.jpg,600,600,ship,565,419,572,433
train_00_07800_04200.jpg,600,600,ship,575,414,580,431
train_00_07800_04200.jpg,600,600,ship,584,412,592,430
train_00_07800_04200.jpg,600,600,ship,518,422,523,435
train_00_07800_04200.jpg,600,600,ship,506,421,512,437
train_00_07800_04200.jpg,600,600,ship,458,369,467,386
train_00_07800_04200.jpg,600,600,ship,471,367,476,386
train_00_07800_04200.jpg,600,600,ship,479,369,485,383
train_00_07800_04200.jpg,600,600,ship,490,369,494,380
train_00_07800_04200.jpg,600,600,ship,499,364,507,386
train_00_07800_04200.jpg,600,600,ship,518,362,526,381
train_00_07800_04200.jpg,600,600,ship,536,359,545,377
train_00_07800_04200.jpg,600,600,ship,548,359,555,374
train_00_07800_04200.jpg,600,600,ship,564,358,573,375
train_00_07800_04200.jpg,600,600,ship,577,355,583,369
train_00_07800_04200.jpg,600,600,ship,593,355,600,375
train_00_07800_04200.jpg,600,600,ship,466,342,472,358
train_00_07800_04200.jpg,600,600,ship,477,337,484,356
train_00_07800_04200.jpg,600,600,ship,487,342,493,352
train_00_07800_04200.jpg,600,600,ship,496,342,503,353
train_00_07800_04200.jpg,600,600,ship,513,336,523,357
train_00_07800_04200.jpg,600,600,ship,534,341,541,356
train_00_07800_04200.jpg,600,600,ship,545,330,551,353
train_00_07800_04200.jpg,600,600,ship,554,331,563,352
train_00_07800_04200.jpg,600,600,ship,570,329,580,346
train_00_07800_04200.jpg,600,600,ship,583,327,589,346
train_00_07800_04200.jpg,600,600,ship,594,328,600,347
train_00_07800_04200.jpg,600,600,ship,567,39,582,67
train_00_07800_04200.jpg,600,600,ship,421,290,431,309
train_00_07800_04200.jpg,600,600,ship,409,292,420,308
train_00_07800_04200.jpg,600,600,ship,401,291,408,313
train_00_07800_04200.jpg,600,600,ship,390,292,400,314
train_00_07800_04200.jpg,600,600,ship,407,260,416,280
train_00_07800_04200.jpg,600,600,ship,397,262,405,285
train_00_07800_04200.jpg,600,600,ship,377,268,388,286
train_00_07800_04200.jpg,600,600,ship,586,273,595,293
train_00_07800_04200.jpg,600,600,ship,575,272,585,295
train_00_07800_04200.jpg,600,600,ship,567,273,576,294
train_00_07800_04200.jpg,600,600,ship,546,275,557,296
train_00_07800_04200.jpg,600,600,ship,537,278,545,299
train_00_07800_04200.jpg,600,600,ship,509,281,517,300
train_00_07800_04200.jpg,600,600,ship,499,282,507,301
train_00_07800_04200.jpg,600,600,ship,487,282,497,302
train_00_07800_04200.jpg,600,600,ship,469,284,480,304
train_00_07800_04200.jpg,600,600,ship,461,283,469,305
train_00_07800_04200.jpg,600,600,ship,449,287,458,311
train_00_07800_04200.jpg,600,600,ship,581,244,592,265
train_00_07800_04200.jpg,600,600,ship,563,250,572,265
train_00_07800_04200.jpg,600,600,ship,543,245,553,270
train_00_07800_04200.jpg,600,600,ship,536,250,544,267
train_00_07800_04200.jpg,600,600,ship,525,245,536,272
train_00_07800_04200.jpg,600,600,ship,504,253,517,275
train_00_07800_04200.jpg,600,600,ship,498,258,504,273
train_00_07800_04200.jpg,600,600,ship,486,254,495,274
train_00_07800_04200.jpg,600,600,ship,465,255,477,278
train_00_07800_04200.jpg,600,600,ship,458,263,465,277
train_00_07800_04200.jpg,600,600,ship,584,177,594,204
train_00_07800_04200.jpg,600,600,ship,571,181,581,208
train_00_07800_04200.jpg,600,600,ship,548,182,558,206
train_00_07800_04200.jpg,600,600,ship,538,182,549,210
train_00_07800_04200.jpg,600,600,ship,524,184,535,210
train_00_07800_04200.jpg,600,600,ship,512,185,523,212
train_00_07800_04200.jpg,600,600,ship,499,187,512,212
train_00_07800_04200.jpg,600,600,ship,487,188,500,214
train_00_07800_04200.jpg,600,600,ship,475,189,488,212
train_00_07800_04200.jpg,600,600,ship,464,191,476,219
train_00_07800_04200.jpg,600,600,ship,453,192,465,219
train_00_07800_04200.jpg,600,600,ship,440,193,450,221
train_00_07800_04200.jpg,600,600,ship,390,59,406,84
train_00_07800_04200.jpg,600,600,ship,375,55,391,87
train_00_07800_04200.jpg,600,600,ship,377,95,392,121
train_00_07800_04200.jpg,600,600,ship,581,145,591,170
train_00_07800_04200.jpg,600,600,ship,569,153,577,170
train_00_07800_04200.jpg,600,600,ship,559,151,567,173
train_00_07800_04200.jpg,600,600,ship,544,148,556,173
train_00_07800_04200.jpg,600,600,ship,532,148,541,174
train_00_07800_04200.jpg,600,600,ship,510,145,519,177
train_00_07800_04200.jpg,600,600,ship,497,153,508,176
train_00_07800_04200.jpg,600,600,ship,477,155,486,180
train_00_07800_04200.jpg,600,600,ship,462,153,474,180
train_00_07800_04200.jpg,600,600,ship,452,160,461,182
train_00_07800_04200.jpg,600,600,ship,440,156,451,185
train_00_07800_04200.jpg,600,600,ship,572,71,584,98
train_00_07800_04200.jpg,600,600,ship,559,75,571,98
train_00_07800_04200.jpg,600,600,ship,545,76,559,100
train_00_07800_04200.jpg,600,600,ship,529,81,542,102
train_00_07800_04200.jpg,600,600,ship,514,82,524,100
train_00_07800_04200.jpg,600,600,ship,502,80,513,110
train_00_07800_04200.jpg,600,600,ship,489,82,500,106
train_00_07800_04200.jpg,600,600,ship,477,83,489,107
train_00_07800_04200.jpg,600,600,ship,465,84,478,111
train_00_07800_04200.jpg,600,600,ship,457,84,465,105
train_00_07800_04200.jpg,600,600,ship,442,85,454,113
train_00_07800_04200.jpg,600,600,ship,545,40,556,67
train_00_07800_04200.jpg,600,600,ship,524,42,535,70
train_00_07800_04200.jpg,600,600,ship,510,49,523,72
train_00_07800_04200.jpg,600,600,ship,498,46,509,72
train_00_07800_04200.jpg,600,600,ship,485,45,499,72
train_00_07800_04200.jpg,600,600,ship,473,47,485,75
train_00_07800_04200.jpg,600,600,ship,461,49,475,78
train_00_07800_04200.jpg,600,600,ship,452,52,462,79
train_00_07800_04200.jpg,600,600,ship,439,46,453,78
train_00_07800_04200.jpg,600,600,ship,426,49,438,79
train_00_07800_04800.jpg,600,600,ship,71,567,82,596
train_00_07800_04800.jpg,600,600,ship,49,559,62,597
train_00_07800_04800.jpg,600,600,ship,23,571,35,595
train_00_07800_04800.jpg,600,600,ship,3,557,20,600
train_00_07800_04800.jpg,600,600,unknown,102,555,116,591
train_00_07800_04800.jpg,600,600,unknown,85,574,94,594
train_00_07800_04800.jpg,600,600,unknown,0,465,11,495
train_00_07800_04800.jpg,600,600,unknown,88,452,99,481
train_00_07800_04800.jpg,600,600,unknown,100,452,112,477
train_00_07800_04800.jpg,600,600,unknown,13,461,22,499
train_00_07800_04800.jpg,600,600,ship,75,454,85,486
train_00_07800_04800.jpg,600,600,ship,60,454,72,484
train_00_07800_04800.jpg,600,600,ship,47,456,58,485
train_00_07800_04800.jpg,600,600,ship,24,461,36,499
train_00_07800_04800.jpg,600,600,unknown,114,452,122,484
train_00_07800_04800.jpg,600,600,ship,5,410,10,427
train_00_07800_04800.jpg,600,600,ship,13,413,19,426
train_00_07800_04800.jpg,600,600,ship,23,410,29,424
train_00_07800_04800.jpg,600,600,ship,32,409,38,426
train_00_07800_04800.jpg,600,600,ship,42,409,48,423
train_00_07800_04800.jpg,600,600,ship,52,408,58,421
train_00_07800_04800.jpg,600,600,ship,61,405,68,423
train_00_07800_04800.jpg,600,600,ship,73,404,80,420
train_00_07800_04800.jpg,600,600,ship,120,397,126,416
train_00_07800_04800.jpg,600,600,ship,110,400,117,417
train_00_07800_04800.jpg,600,600,ship,100,400,107,416
train_00_07800_04800.jpg,600,600,ship,7,360,15,375
train_00_07800_04800.jpg,600,600,ship,124,341,130,363
train_00_07800_04800.jpg,600,600,ship,115,344,121,366
train_00_07800_04800.jpg,600,600,ship,99,344,114,365
train_00_07800_04800.jpg,600,600,ship,86,344,92,366
train_00_07800_04800.jpg,600,600,ship,74,348,83,368
train_00_07800_04800.jpg,600,600,ship,74,323,80,340
train_00_07800_04800.jpg,600,600,ship,84,319,90,337
train_00_07800_04800.jpg,600,600,ship,93,315,102,335
train_00_07800_04800.jpg,600,600,ship,104,314,112,337
train_00_07800_04800.jpg,600,600,ship,123,318,128,334
train_00_07800_04800.jpg,600,600,ship,127,260,133,280
train_00_07800_04800.jpg,600,600,ship,66,265,74,283
train_00_07800_04800.jpg,600,600,ship,76,262,85,283
train_00_07800_04800.jpg,600,600,ship,88,262,94,282
train_00_07800_04800.jpg,600,600,ship,97,261,104,280
train_00_07800_04800.jpg,600,600,ship,107,261,112,281
train_00_07800_04800.jpg,600,600,ship,115,261,123,280
train_00_07800_04800.jpg,600,600,ship,63,235,74,259
train_00_07800_04800.jpg,600,600,ship,76,240,83,253
train_00_07800_04800.jpg,600,600,ship,103,230,112,252
train_00_07800_04800.jpg,600,600,ship,115,233,121,254
train_00_07800_04800.jpg,600,600,ship,86,238,91,252
train_00_07800_04800.jpg,600,600,ship,93,236,101,252
train_00_07800_04800.jpg,600,600,ship,122,237,130,251
train_00_07800_04800.jpg,600,600,ship,119,164,128,191
train_00_07800_04800.jpg,600,600,ship,106,164,114,188
train_00_07800_04800.jpg,600,600,ship,93,167,102,190
train_00_07800_04800.jpg,600,600,ship,80,167,89,187
train_00_07800_04800.jpg,600,600,ship,69,169,79,191
train_00_07800_04800.jpg,600,600,ship,58,170,64,196
train_00_07800_04800.jpg,600,600,ship,49,135,61,160
train_00_07800_04800.jpg,600,600,ship,65,135,75,156
train_00_07800_04800.jpg,600,600,ship,77,136,87,159
train_00_07800_04800.jpg,600,600,ship,91,135,100,157
train_00_07800_04800.jpg,600,600,ship,110,133,124,154
train_00_07800_04800.jpg,600,600,ship,43,66,57,90
train_00_07800_04800.jpg,600,600,ship,58,63,68,88
train_00_07800_04800.jpg,600,600,ship,69,60,81,86
train_00_07800_04800.jpg,600,600,ship,82,61,90,85
train_00_07800_04800.jpg,600,600,ship,93,58,102,85
train_00_07800_04800.jpg,600,600,ship,105,59,112,86
train_00_07800_04800.jpg,600,600,ship,116,59,125,86
train_00_07800_04800.jpg,600,600,ship,38,29,52,59
train_00_07800_04800.jpg,600,600,ship,53,34,64,56
train_00_07800_04800.jpg,600,600,ship,65,29,77,55
train_00_07800_04800.jpg,600,600,ship,77,31,89,54
train_00_07800_04800.jpg,600,600,ship,87,29,100,52
train_00_07800_04800.jpg,600,600,ship,99,26,112,49
train_00_07800_04800.jpg,600,600,ship,111,23,124,50
train_00_07800_04800.jpg,600,600,ship,124,25,139,49
train_00_07800_04800.jpg,600,600,ship,135,17,147,47
train_00_07800_04800.jpg,600,600,ship,136,55,151,79
train_00_07800_04800.jpg,600,600,ship,159,129,169,150
train_00_07800_04800.jpg,600,600,ship,159,161,173,182
train_00_07800_04800.jpg,600,600,ship,150,161,160,186
train_00_07800_04800.jpg,600,600,ship,138,161,150,185
train_00_07800_04800.jpg,600,600,ship,130,166,139,188
train_00_07800_04800.jpg,600,600,ship,144,125,156,152
train_00_07800_04800.jpg,600,600,ship,135,130,145,150
train_00_07800_04800.jpg,600,600,ship,172,227,180,247
train_00_07800_04800.jpg,600,600,ship,153,227,160,248
train_00_07800_04800.jpg,600,600,ship,142,225,149,249
train_00_07800_04800.jpg,600,600,ship,133,228,142,248
train_00_07800_04800.jpg,600,600,ship,173,253,181,272
train_00_07800_04800.jpg,600,600,ship,164,254,173,272
train_00_07800_04800.jpg,600,600,ship,152,254,162,271
train_00_07800_04800.jpg,600,600,ship,137,258,144,275
train_00_07800_04800.jpg,600,600,ship,181,310,189,327
train_00_07800_04800.jpg,600,600,ship,171,311,177,327
train_00_07800_04800.jpg,600,600,ship,160,311,167,330
train_00_07800_04800.jpg,600,600,ship,142,313,148,333
train_00_07800_04800.jpg,600,600,ship,183,334,192,354
train_00_07800_04800.jpg,600,600,ship,173,336,179,350
train_00_07800_04800.jpg,600,600,ship,164,335,171,353
train_00_07800_04800.jpg,600,600,ship,154,339,160,359
train_00_07800_04800.jpg,600,600,ship,145,341,152,358
train_00_07800_04800.jpg,600,600,ship,135,341,142,358
train_00_07800_04800.jpg,600,600,ship,176,389,191,411
train_00_07800_04800.jpg,600,600,ship,168,393,173,412
train_00_07800_04800.jpg,600,600,ship,158,396,166,412
train_00_07800_04800.jpg,600,600,ship,148,399,157,414
train_00_07800_04800.jpg,600,600,ship,246,435,259,466
train_00_07800_04800.jpg,600,600,ship,233,438,246,470
train_00_07800_04800.jpg,600,600,ship,221,443,234,473
train_00_07800_04800.jpg,600,600,ship,211,441,223,472
train_00_07800_04800.jpg,600,600,ship,196,448,212,478
train_00_07800_04800.jpg,600,600,ship,187,443,197,466
train_00_07800_04800.jpg,600,600,ship,171,445,183,473
train_00_07800_04800.jpg,600,600,ship,159,445,174,477
train_00_07800_04800.jpg,600,600,ship,146,446,160,472
train_00_07800_04800.jpg,600,600,ship,134,450,147,475
train_00_07800_04800.jpg,600,600,ship,123,451,136,476
train_00_07800_04800.jpg,600,600,ship,187,113,202,149
train_00_07800_04800.jpg,600,600,ship,202,120,213,147
train_00_07800_04800.jpg,600,600,ship,213,118,224,146
train_00_07800_04800.jpg,600,600,ship,225,119,236,142
train_00_07800_04800.jpg,600,600,ship,235,114,247,143
train_00_07800_04800.jpg,600,600,ship,249,117,259,141
train_00_07800_04800.jpg,600,600,ship,258,113,270,140
train_00_07800_04800.jpg,600,600,ship,271,110,281,139
train_00_07800_04800.jpg,600,600,ship,282,106,292,141
train_00_07800_04800.jpg,600,600,ship,293,113,306,139
train_00_07800_04800.jpg,600,600,ship,306,110,316,136
train_00_07800_04800.jpg,600,600,ship,319,109,330,134
train_00_07800_04800.jpg,600,600,ship,205,158,217,180
train_00_07800_04800.jpg,600,600,ship,216,155,227,179
train_00_07800_04800.jpg,600,600,ship,240,153,250,177
train_00_07800_04800.jpg,600,600,ship,250,150,263,176
train_00_07800_04800.jpg,600,600,ship,264,150,274,177
train_00_07800_04800.jpg,600,600,ship,275,146,286,172
train_00_07800_04800.jpg,600,600,ship,286,145,297,168
train_00_07800_04800.jpg,600,600,ship,301,145,308,169
train_00_07800_04800.jpg,600,600,ship,309,144,320,167
train_00_07800_04800.jpg,600,600,ship,323,142,333,169
train_00_07800_04800.jpg,600,600,ship,192,157,203,182
train_00_07800_04800.jpg,600,600,ship,319,208,329,232
train_00_07800_04800.jpg,600,600,ship,300,210,309,232
train_00_07800_04800.jpg,600,600,ship,291,212,299,233
train_00_07800_04800.jpg,600,600,ship,282,217,292,233
train_00_07800_04800.jpg,600,600,ship,269,214,281,237
train_00_07800_04800.jpg,600,600,ship,243,223,253,240
train_00_07800_04800.jpg,600,600,ship,223,219,233,241
train_00_07800_04800.jpg,600,600,ship,215,225,222,243
train_00_07800_04800.jpg,600,600,ship,203,223,214,243
train_00_07800_04800.jpg,600,600,ship,333,210,341,228
train_00_07800_04800.jpg,600,600,ship,335,237,341,255
train_00_07800_04800.jpg,600,600,ship,324,239,332,254
train_00_07800_04800.jpg,600,600,ship,302,238,312,258
train_00_07800_04800.jpg,600,600,ship,285,242,295,261
train_00_07800_04800.jpg,600,600,ship,264,244,273,260
train_00_07800_04800.jpg,600,600,ship,255,245,264,265
train_00_07800_04800.jpg,600,600,ship,246,248,253,260
train_00_07800_04800.jpg,600,600,ship,237,250,245,264
train_00_07800_04800.jpg,600,600,ship,226,250,235,266
train_00_07800_04800.jpg,600,600,ship,216,249,226,269
train_00_07800_04800.jpg,600,600,ship,208,252,216,269
train_00_07800_04800.jpg,600,600,ship,341,292,350,309
train_00_07800_04800.jpg,600,600,ship,328,292,340,314
train_00_07800_04800.jpg,600,600,ship,319,294,329,312
train_00_07800_04800.jpg,600,600,ship,282,299,291,316
train_00_07800_04800.jpg,600,600,ship,271,301,279,316
train_00_07800_04800.jpg,600,600,ship,251,302,261,320
train_00_07800_04800.jpg,600,600,ship,243,306,251,319
train_00_07800_04800.jpg,600,600,ship,234,305,242,321
train_00_07800_04800.jpg,600,600,ship,223,302,232,322
train_00_07800_04800.jpg,600,600,ship,211,304,222,323
train_00_07800_04800.jpg,600,600,ship,340,319,349,338
train_00_07800_04800.jpg,600,600,ship,313,322,321,342
train_00_07800_04800.jpg,600,600,ship,302,325,312,342
train_00_07800_04800.jpg,600,600,ship,293,325,302,343
train_00_07800_04800.jpg,600,600,ship,286,326,292,340
train_00_07800_04800.jpg,600,600,ship,271,325,284,346
train_00_07800_04800.jpg,600,600,ship,253,332,260,347
train_00_07800_04800.jpg,600,600,ship,246,329,253,345
train_00_07800_04800.jpg,600,600,ship,235,330,243,346
train_00_07800_04800.jpg,600,600,ship,227,330,235,346
train_00_07800_04800.jpg,600,600,ship,214,332,227,351
train_00_07800_04800.jpg,600,600,ship,347,372,357,395
train_00_07800_04800.jpg,600,600,ship,319,381,326,393
train_00_07800_04800.jpg,600,600,ship,308,377,317,396
train_00_07800_04800.jpg,600,600,ship,299,380,309,398
train_00_07800_04800.jpg,600,600,ship,290,379,298,397
train_00_07800_04800.jpg,600,600,ship,280,382,288,400
train_00_07800_04800.jpg,600,600,ship,270,384,279,399
train_00_07800_04800.jpg,600,600,ship,262,386,269,402
train_00_07800_04800.jpg,600,600,ship,252,384,260,402
train_00_07800_04800.jpg,600,600,ship,242,384,250,403
train_00_07800_04800.jpg,600,600,ship,230,386,242,406
train_00_07800_04800.jpg,600,600,ship,340,401,347,420
train_00_07800_04800.jpg,600,600,ship,331,401,338,420
train_00_07800_04800.jpg,600,600,ship,322,407,329,420
train_00_07800_04800.jpg,600,600,ship,313,407,321,422
train_00_07800_04800.jpg,600,600,ship,301,407,311,425
train_00_07800_04800.jpg,600,600,ship,293,407,301,426
train_00_07800_04800.jpg,600,600,ship,277,409,282,424
train_00_07800_04800.jpg,600,600,ship,349,402,359,425
train_00_07800_04800.jpg,600,600,ship,280,471,294,509
train_00_07800_04800.jpg,600,600,ship,295,481,307,505
train_00_07800_04800.jpg,600,600,ship,319,478,330,503
train_00_07800_04800.jpg,600,600,ship,331,473,343,503
train_00_07800_04800.jpg,600,600,ship,345,479,356,501
train_00_07800_04800.jpg,600,600,ship,356,471,369,499
train_00_07800_04800.jpg,600,600,ship,333,544,346,568
train_00_07800_04800.jpg,600,600,ship,323,548,335,569
train_00_07800_04800.jpg,600,600,ship,298,543,313,570
train_00_07800_04800.jpg,600,600,ship,361,554,391,567
train_00_07800_04800.jpg,600,600,ship,404,196,414,219
train_00_07800_04800.jpg,600,600,ship,476,194,488,214
train_00_07800_04800.jpg,600,600,ship,461,194,472,215
train_00_07800_04800.jpg,600,600,ship,450,193,462,218
train_00_07800_04800.jpg,600,600,ship,439,197,448,218
train_00_07800_04800.jpg,600,600,ship,420,201,427,219
train_00_07800_04800.jpg,600,600,ship,485,222,496,240
train_00_07800_04800.jpg,600,600,ship,466,227,474,243
train_00_07800_04800.jpg,600,600,ship,456,227,465,243
train_00_07800_04800.jpg,600,600,ship,447,225,454,243
train_00_07800_04800.jpg,600,600,ship,437,227,446,242
train_00_07800_04800.jpg,600,600,ship,428,229,437,244
train_00_07800_04800.jpg,600,600,ship,408,228,418,249
train_00_07800_04800.jpg,600,600,ship,490,283,497,298
train_00_07800_04800.jpg,600,600,ship,482,279,488,298
train_00_07800_04800.jpg,600,600,ship,471,280,478,294
train_00_07800_04800.jpg,600,600,ship,462,279,468,297
train_00_07800_04800.jpg,600,600,ship,450,279,460,301
train_00_07800_04800.jpg,600,600,ship,442,281,448,302
train_00_07800_04800.jpg,600,600,ship,431,282,440,299
train_00_07800_04800.jpg,600,600,ship,423,284,430,302
train_00_07800_04800.jpg,600,600,ship,413,284,421,305
train_00_07800_04800.jpg,600,600,ship,586,267,596,285
train_00_07800_04800.jpg,600,600,ship,576,266,586,288
train_00_07800_04800.jpg,600,600,ship,565,269,574,286
train_00_07800_04800.jpg,600,600,ship,559,270,565,291
train_00_07800_04800.jpg,600,600,ship,546,269,556,288
train_00_07800_04800.jpg,600,600,ship,538,270,546,291
train_00_07800_04800.jpg,600,600,ship,588,293,599,314
train_00_07800_04800.jpg,600,600,ship,571,297,579,314
train_00_07800_04800.jpg,600,600,ship,559,297,569,321
train_00_07800_04800.jpg,600,600,ship,543,299,551,317
train_00_07800_04800.jpg,600,600,ship,504,302,513,322
train_00_07800_04800.jpg,600,600,ship,492,305,501,324
train_00_07800_04800.jpg,600,600,ship,482,304,491,324
train_00_07800_04800.jpg,600,600,ship,472,305,480,326
train_00_07800_04800.jpg,600,600,ship,466,308,473,322
train_00_07800_04800.jpg,600,600,ship,453,306,464,330
train_00_07800_04800.jpg,600,600,ship,444,307,451,330
train_00_07800_04800.jpg,600,600,ship,425,312,434,328
train_00_07800_04800.jpg,600,600,ship,414,309,421,329
train_00_07800_04800.jpg,600,600,ship,507,356,516,373
train_00_07800_04800.jpg,600,600,ship,498,358,506,381
train_00_07800_04800.jpg,600,600,ship,488,361,496,379
train_00_07800_04800.jpg,600,600,ship,480,364,486,380
train_00_07800_04800.jpg,600,600,ship,470,365,477,378
train_00_07800_04800.jpg,600,600,ship,458,366,467,383
train_00_07800_04800.jpg,600,600,ship,440,368,447,384
train_00_07800_04800.jpg,600,600,ship,429,371,437,387
train_00_07800_04800.jpg,600,600,ship,419,366,428,388
train_00_07800_04800.jpg,600,600,ship,511,385,519,410
train_00_07800_04800.jpg,600,600,ship,500,385,510,407
train_00_07800_04800.jpg,600,600,ship,480,389,493,408
train_00_07800_04800.jpg,600,600,ship,472,391,481,410
train_00_07800_04800.jpg,600,600,ship,451,391,462,412
train_00_07800_04800.jpg,600,600,ship,433,395,442,411
train_00_07800_04800.jpg,600,600,ship,423,395,430,417
train_00_07800_04800.jpg,600,600,ship,596,348,600,367
train_00_07800_04800.jpg,600,600,ship,585,350,596,369
train_00_07800_04800.jpg,600,600,ship,577,349,586,369
train_00_07800_04800.jpg,600,600,ship,564,349,575,375
train_00_07800_04800.jpg,600,600,ship,548,359,557,373
train_00_07800_04800.jpg,600,600,ship,536,356,546,373
train_00_07800_04800.jpg,600,600,ship,570,378,580,398
train_00_07800_04800.jpg,600,600,ship,561,380,569,397
train_00_07800_04800.jpg,600,600,ship,551,384,559,399
train_00_07800_04800.jpg,600,600,ship,540,385,549,401
train_00_07800_04800.jpg,600,600,ship,589,376,598,398
train_00_07800_04800.jpg,600,600,ship,580,380,587,397
train_00_07800_04800.jpg,600,600,ship,556,535,587,548
train_00_07800_04800.jpg,600,600,ship,419,548,450,562
train_00_07800_04800.jpg,600,600,ship,395,553,415,561
train_00_07800_04800.jpg,600,600,ship,556,438,567,452
train_00_07800_04800.jpg,600,600,ship,545,434,557,458
train_00_07800_04800.jpg,600,600,ship,509,469,518,492
train_00_07800_04800.jpg,600,600,ship,501,470,508,488
train_00_07800_04800.jpg,600,600,ship,479,471,489,491
train_00_07800_04800.jpg,600,600,ship,470,474,478,492
train_00_07800_04800.jpg,600,600,ship,461,476,469,496
train_00_07800_04800.jpg,600,600,ship,451,476,459,491
train_00_07800_04800.jpg,600,600,ship,442,475,449,492
train_00_07800_04800.jpg,600,600,ship,432,477,441,496
train_00_07800_04800.jpg,600,600,ship,499,443,508,466
train_00_07800_04800.jpg,600,600,ship,489,447,495,462
train_00_07800_04800.jpg,600,600,ship,476,445,487,462
train_00_07800_04800.jpg,600,600,ship,467,449,474,464
train_00_07800_04800.jpg,600,600,ship,459,448,466,465
train_00_07800_04800.jpg,600,600,ship,449,451,457,468
train_00_07800_04800.jpg,600,600,ship,440,450,447,468
train_00_07800_04800.jpg,600,600,ship,428,448,437,470
train_00_07800_04800.jpg,600,600,ship,596,433,600,451
train_00_07800_04800.jpg,600,600,ship,585,434,594,455
train_00_07800_04800.jpg,600,600,ship,578,437,583,452
train_00_07800_04800.jpg,600,600,ship,565,430,575,456
train_00_07800_04800.jpg,600,600,ship,589,462,597,479
train_00_07800_04800.jpg,600,600,ship,578,463,587,479
train_00_07800_04800.jpg,600,600,ship,570,464,578,480
train_00_07800_04800.jpg,600,600,ship,560,466,568,484
train_00_07800_04800.jpg,600,600,ship,549,467,558,484
train_00_07800_05400.jpg,600,600,ship,116,450,121,468
train_00_07800_05400.jpg,600,600,ship,7,264,18,283
train_00_07800_05400.jpg,600,600,ship,0,271,4,285
train_00_07800_05400.jpg,600,600,ship,9,291,18,308
train_00_07800_05400.jpg,600,600,ship,1,293,9,310
train_00_07800_05400.jpg,600,600,ship,25,343,34,363
train_00_07800_05400.jpg,600,600,ship,15,350,22,367
train_00_07800_05400.jpg,600,600,ship,6,346,15,366
train_00_07800_05400.jpg,600,600,ship,0,348,4,367
train_00_07800_05400.jpg,600,600,ship,81,337,92,359
train_00_07800_05400.jpg,600,600,ship,72,340,82,363
train_00_07800_05400.jpg,600,600,ship,62,340,71,364
train_00_07800_05400.jpg,600,600,ship,54,343,62,359
train_00_07800_05400.jpg,600,600,ship,45,343,53,360
train_00_07800_05400.jpg,600,600,ship,37,372,46,391
train_00_07800_05400.jpg,600,600,ship,29,376,36,387
train_00_07800_05400.jpg,600,600,ship,17,373,26,390
train_00_07800_05400.jpg,600,600,ship,9,375,18,395
train_00_07800_05400.jpg,600,600,ship,0,375,9,393
train_00_07800_05400.jpg,600,600,ship,0,531,18,544
train_00_07800_05400.jpg,600,600,ship,86,367,95,389
train_00_07800_05400.jpg,600,600,ship,76,369,84,386
train_00_07800_05400.jpg,600,600,ship,67,367,75,389
train_00_07800_05400.jpg,600,600,ship,57,369,65,391
train_00_07800_05400.jpg,600,600,ship,113,422,120,440
train_00_07800_05400.jpg,600,600,ship,101,425,110,440
train_00_07800_05400.jpg,600,600,ship,89,419,101,443
train_00_07800_05400.jpg,600,600,ship,82,422,90,443
train_00_07800_05400.jpg,600,600,ship,72,426,80,442
train_00_07800_05400.jpg,600,600,ship,60,427,70,446
train_00_07800_05400.jpg,600,600,ship,54,432,62,447
train_00_07800_05400.jpg,600,600,ship,43,430,50,449
train_00_07800_05400.jpg,600,600,ship,33,430,41,448
train_00_07800_05400.jpg,600,600,ship,22,429,32,450
train_00_07800_05400.jpg,600,600,ship,13,436,24,450
train_00_07800_05400.jpg,600,600,ship,3,433,13,452
train_00_07800_05400.jpg,600,600,ship,84,451,92,470
train_00_07800_05400.jpg,600,600,ship,77,451,84,471
train_00_07800_05400.jpg,600,600,ship,66,452,73,467
train_00_07800_05400.jpg,600,600,ship,55,453,63,476
train_00_07800_05400.jpg,600,600,ship,46,455,55,473
train_00_07800_05400.jpg,600,600,ship,37,454,45,476
train_00_07800_05400.jpg,600,600,ship,26,461,33,476
train_00_07800_05400.jpg,600,600,ship,16,458,25,479
train_00_07800_05400.jpg,600,600,ship,8,458,14,472
train_00_07800_05400.jpg,600,600,ship,0,459,7,482
train_00_07800_05400.jpg,600,600,ship,105,448,114,467
train_00_07800_05400.jpg,600,600,ship,95,450,102,467
train_00_07800_05400.jpg,600,600,ship,234,390,257,416
train_00_07800_05400.jpg,600,600,ship,132,519,150,528
train_00_07800_05400.jpg,600,600,ship,164,514,186,525
train_00_07800_05400.jpg,600,600,ship,258,418,281,444
train_00_07800_06000.jpg,600,600,ship,0,403,14,424
train_00_07800_06600.jpg,600,600,unknown,125,121,137,147
train_00_07800_06600.jpg,600,600,unknown,131,124,145,149
train_00_07800_07200.jpg,600,600,ship,265,220,282,252
train_00_07800_07200.jpg,600,600,barge,218,137,268,233
train_00_07800_07800.jpg,600,600,ship,88,525,98,549
train_00_07800_09000.jpg,600,600,ship,284,172,296,204
train_00_07800_09000.jpg,600,600,ship,310,177,318,203
train_00_07800_09000.jpg,600,600,ship,319,179,326,203
train_00_07800_09000.jpg,600,600,ship,263,170,270,189
train_00_07800_09000.jpg,600,600,ship,241,168,247,185
train_00_07800_09000.jpg,600,600,ship,233,167,239,185
train_00_07800_09000.jpg,600,600,ship,230,168,234,188
train_00_07800_09000.jpg,600,600,ship,222,168,227,187
train_00_07800_09000.jpg,600,600,ship,215,166,220,186
train_00_07800_09000.jpg,600,600,ship,209,167,214,184
train_00_07800_09000.jpg,600,600,ship,202,165,208,184
train_00_07800_09000.jpg,600,600,ship,294,177,305,203
train_00_07800_09000.jpg,600,600,ship,303,174,312,202
train_00_07800_09000.jpg,600,600,ship,434,193,441,211
train_00_07800_09000.jpg,600,600,ship,421,189,427,213
train_00_07800_09000.jpg,600,600,ship,415,194,420,212
train_00_07800_09000.jpg,600,600,ship,411,189,416,212
train_00_07800_09000.jpg,600,600,ship,396,191,405,213
train_00_07800_09000.jpg,600,600,ship,393,192,398,209
train_00_07800_09000.jpg,600,600,ship,388,191,393,210
train_00_07800_09000.jpg,600,600,ship,382,192,388,208
train_00_07800_09000.jpg,600,600,ship,374,187,383,208
train_00_07800_09000.jpg,600,600,ship,356,186,364,207
train_00_07800_09000.jpg,600,600,ship,343,186,350,208
train_00_07800_09000.jpg,600,600,ship,336,177,343,205
train_00_07800_09000.jpg,600,600,ship,330,189,336,208
train_00_07800_09000.jpg,600,600,ship,327,178,332,193
train_00_07800_09000.jpg,600,600,ship,427,192,433,209
train_00_08400_02400.jpg,600,600,barge,465,124,495,142
train_00_08400_02400.jpg,600,600,barge,450,109,518,125
train_00_08400_02400.jpg,600,600,barge,453,89,519,105
train_00_08400_02400.jpg,600,600,barge,522,88,585,112
train_00_08400_02400.jpg,600,600,barge,531,107,594,130
train_00_08400_02400.jpg,600,600,barge,390,70,462,84
train_00_08400_02400.jpg,600,600,barge,499,58,546,75
train_00_08400_02400.jpg,600,600,barge,582,29,600,43
train_00_08400_02400.jpg,600,600,barge,558,43,600,70
train_00_08400_02400.jpg,600,600,ship,539,17,549,53
train_00_08400_02400.jpg,600,600,ship,511,47,533,55
train_00_08400_02400.jpg,600,600,ship,463,40,488,48
train_00_08400_02400.jpg,600,600,ship,471,47,493,54
train_00_08400_02400.jpg,600,600,ship,469,57,495,61
train_00_08400_02400.jpg,600,600,ship,466,63,491,70
train_00_08400_02400.jpg,600,600,ship,466,70,501,77
train_00_08400_02400.jpg,600,600,ship,420,62,440,68
train_00_08400_03000.jpg,600,600,barge,0,109,55,127
train_00_08400_03000.jpg,600,600,barge,0,90,49,105
train_00_08400_03000.jpg,600,600,barge,0,72,62,91
train_00_08400_03000.jpg,600,600,barge,22,45,60,61
train_00_08400_03000.jpg,600,600,barge,0,29,18,43
train_00_08400_03000.jpg,600,600,ship,315,520,351,533
train_00_08400_03000.jpg,600,600,ship,332,598,349,600
train_00_08400_03000.jpg,600,600,ship,323,581,350,594
train_00_08400_03000.jpg,600,600,ship,322,565,353,573
train_00_08400_03000.jpg,600,600,ship,317,552,354,561
train_00_08400_04200.jpg,600,600,ship,359,13,406,29
train_00_08400_04200.jpg,600,600,ship,416,9,463,25
train_00_08400_06000.jpg,600,600,ship,533,264,547,279
train_00_08400_06000.jpg,600,600,barge,522,254,547,276
train_00_08400_07200.jpg,600,600,ship,493,509,517,550
train_00_09000_00600.jpg,600,600,ship,280,253,294,269
train_00_09000_00600.jpg,600,600,unknown,301,511,319,528
train_00_09000_03000.jpg,600,600,ship,328,9,382,22
train_00_09000_03000.jpg,600,600,ship,332,0,349,2
train_00_09000_03000.jpg,600,600,ship,375,74,383,88
train_00_09000_03000.jpg,600,600,ship,353,81,371,92
train_00_09000_03000.jpg,600,600,ship,330,60,358,69
train_00_09000_03000.jpg,600,600,ship,329,43,364,55
train_00_09000_03000.jpg,600,600,ship,545,218,560,259
train_00_09600_00600.jpg,600,600,ship,207,539,228,579
train_00_09600_00600.jpg,600,600,barge,563,186,600,267
train_00_10200_01800.jpg,600,600,ship,342,586,444,600
train_00_10200_03000.jpg,600,600,barge,218,513,283,532
train_00_10200_03000.jpg,600,600,barge,211,497,276,516
train_00_10200_03000.jpg,600,600,barge,200,476,275,503
train_00_10200_03000.jpg,600,600,barge,285,500,380,526
train_00_10200_03000.jpg,600,600,barge,281,472,365,506
train_00_10200_03000.jpg,600,600,ship,507,282,533,311
train_00_10200_03600.jpg,600,600,ship,325,174,345,183
train_00_10200_03600.jpg,600,600,ship,298,190,319,198
train_00_10200_03600.jpg,600,600,ship,376,182,400,188
train_00_10200_03600.jpg,600,600,ship,378,191,404,198
train_00_10200_03600.jpg,600,600,ship,270,193,289,200
train_00_10200_03600.jpg,600,600,ship,237,196,263,204
train_00_10200_03600.jpg,600,600,barge,226,183,265,199
train_00_10200_03600.jpg,600,600,barge,269,176,308,192
train_00_10800_01200.jpg,600,600,ship,226,61,341,88
train_00_10800_01200.jpg,600,600,ship,398,45,530,67
train_00_10800_01200.jpg,600,600,barge,462,479,477,536
train_00_10800_01200.jpg,600,600,barge,480,482,494,536
train_00_10800_01200.jpg,600,600,barge,496,484,512,534
train_00_10800_01200.jpg,600,600,barge,416,549,426,582
train_00_10800_01200.jpg,600,600,barge,430,546,443,580
train_00_10800_01200.jpg,600,600,barge,446,544,461,580
train_00_10800_01200.jpg,600,600,barge,464,543,482,592
train_00_10800_01200.jpg,600,600,barge,485,542,497,593
train_00_10800_01200.jpg,600,600,barge,552,478,584,526
train_00_10800_01200.jpg,600,600,barge,542,542,566,600
train_00_10800_01200.jpg,600,600,barge,567,557,586,600
train_00_10800_01200.jpg,600,600,barge,589,552,600,600
train_00_10800_01200.jpg,600,600,barge,330,529,359,592
train_00_10800_01200.jpg,600,600,barge,300,538,330,592
train_00_10800_01200.jpg,600,600,barge,271,495,300,565
train_00_10800_01200.jpg,600,600,barge,278,566,311,600
train_00_10800_01200.jpg,600,600,barge,252,500,280,570
train_00_10800_01200.jpg,600,600,barge,232,509,263,573
train_00_10800_01200.jpg,600,600,barge,212,545,245,600
train_00_10800_01200.jpg,600,600,barge,240,573,270,600
train_00_10800_01800.jpg,600,600,barge,46,473,67,522
train_00_10800_01800.jpg,600,600,barge,52,531,73,576
train_00_10800_01800.jpg,600,600,barge,73,486,87,537
train_00_10800_01800.jpg,600,600,barge,89,473,105,505
train_00_10800_01800.jpg,600,600,ship,93,508,105,534
train_00_10800_01800.jpg,600,600,ship,117,517,127,548
train_00_10800_01800.jpg,600,600,ship,128,514,134,542
train_00_10800_01800.jpg,600,600,barge,149,564,175,600
train_00_10800_01800.jpg,600,600,barge,133,508,152,543
train_00_10800_01800.jpg,600,600,unknown,149,497,162,539
train_00_10800_01800.jpg,600,600,barge,340,547,366,600
train_00_10800_01800.jpg,600,600,barge,226,469,257,532
train_00_10800_01800.jpg,600,600,barge,209,473,226,538
train_00_10800_01800.jpg,600,600,barge,283,488,303,549
train_00_10800_01800.jpg,600,600,barge,186,476,205,525
train_00_10800_01800.jpg,600,600,barge,158,479,199,559
train_00_10800_01800.jpg,600,600,barge,183,441,247,464
train_00_10800_01800.jpg,600,600,barge,232,538,263,600
train_00_10800_01800.jpg,600,600,barge,260,489,280,543
train_00_10800_01800.jpg,600,600,barge,252,440,279,463
train_00_10800_01800.jpg,600,600,barge,361,546,387,600
train_00_10800_01800.jpg,600,600,barge,357,467,378,525
train_00_10800_01800.jpg,600,600,barge,344,477,360,532
train_00_10800_01800.jpg,600,600,barge,432,520,468,592
train_00_10800_01800.jpg,600,600,barge,396,524,439,600
train_00_10800_01800.jpg,600,600,barge,393,416,459,517
train_00_10800_01800.jpg,600,600,barge,493,505,506,534
train_00_10800_01800.jpg,600,600,barge,481,508,495,537
train_00_10800_01800.jpg,600,600,barge,472,415,492,464
train_00_10800_01800.jpg,600,600,barge,453,414,478,510
train_00_10800_01800.jpg,600,600,unknown,516,551,531,583
train_00_10800_01800.jpg,600,600,barge,530,444,551,493
train_00_10800_01800.jpg,600,600,barge,531,500,562,569
train_00_10800_01800.jpg,600,600,barge,508,504,531,547
train_00_10800_01800.jpg,600,600,ship,517,457,533,484
train_00_10800_02400.jpg,600,600,barge,132,548,152,600
train_00_10800_02400.jpg,600,600,barge,115,483,149,543
train_00_10800_02400.jpg,600,600,barge,148,499,164,536
train_00_10800_02400.jpg,600,600,barge,95,492,115,547
train_00_10800_02400.jpg,600,600,barge,46,470,59,504
train_00_10800_02400.jpg,600,600,barge,42,427,53,467
train_00_10800_02400.jpg,600,600,barge,45,543,55,567
train_00_10800_02400.jpg,600,600,barge,296,367,321,409
train_00_10800_02400.jpg,600,600,barge,250,389,267,427
train_00_10800_02400.jpg,600,600,barge,231,388,247,443
train_00_10800_02400.jpg,600,600,barge,218,447,253,523
train_00_10800_02400.jpg,600,600,barge,207,375,241,442
train_00_10800_02400.jpg,600,600,barge,186,395,209,440
train_00_10800_02400.jpg,600,600,ship,44,507,60,536
train_00_10800_02400.jpg,600,600,ship,96,414,102,427
train_00_10800_02400.jpg,600,600,ship,90,418,95,437
train_00_10800_02400.jpg,600,600,ship,84,410,91,439
train_00_10800_02400.jpg,600,600,ship,71,405,81,438
train_00_10800_02400.jpg,600,600,ship,59,409,67,436
train_00_10800_02400.jpg,600,600,ship,48,412,55,424
train_00_10800_02400.jpg,600,600,ship,41,400,49,419
train_00_10800_02400.jpg,600,600,ship,74,443,82,470
train_00_10800_02400.jpg,600,600,ship,103,456,111,472
train_00_10800_02400.jpg,600,600,ship,120,565,131,594
train_00_10800_02400.jpg,600,600,unknown,578,525,600,538
train_00_10800_02400.jpg,600,600,ship,509,523,523,556
train_00_10800_02400.jpg,600,600,barge,405,370,430,401
train_00_10800_02400.jpg,600,600,barge,384,372,410,420
train_00_10800_02400.jpg,600,600,barge,368,374,392,425
train_00_10800_02400.jpg,600,600,barge,431,520,453,568
train_00_10800_02400.jpg,600,600,barge,405,503,435,567
train_00_10800_02400.jpg,600,600,barge,416,424,445,486
train_00_10800_02400.jpg,600,600,barge,397,435,421,485
train_00_10800_03000.jpg,600,600,ship,80,458,95,487
train_00_10800_03000.jpg,600,600,ship,85,491,99,515
train_00_10800_03000.jpg,600,600,barge,53,446,87,513
train_00_10800_04200.jpg,600,600,ship,0,298,28,312
train_00_10800_04200.jpg,600,600,ship,36,294,71,308
train_00_10800_04200.jpg,600,600,unknown,36,163,57,172
train_00_10800_09600.jpg,600,600,barge,106,302,185,365
train_00_11400_00600.jpg,600,600,ship,546,117,590,165
train_00_11400_01200.jpg,600,600,barge,415,0,445,51
train_00_11400_01200.jpg,600,600,barge,448,0,464,29
train_00_11400_01200.jpg,600,600,barge,450,34,468,65
train_00_11400_01200.jpg,600,600,barge,551,18,574,85
train_00_11400_01200.jpg,600,600,barge,576,25,589,85
train_00_11400_01200.jpg,600,600,barge,590,18,600,50
train_00_11400_01200.jpg,600,600,barge,308,233,336,316
train_00_11400_01200.jpg,600,600,barge,325,231,353,314
train_00_11400_01200.jpg,600,600,barge,346,231,374,314
train_00_11400_01200.jpg,600,600,barge,366,229,394,312
train_00_11400_01200.jpg,600,600,barge,311,321,401,333
train_00_11400_01200.jpg,600,600,barge,315,337,405,349
train_00_11400_01200.jpg,600,600,barge,320,359,410,371
train_00_11400_01200.jpg,600,600,barge,399,238,412,300
train_00_11400_01200.jpg,600,600,barge,421,238,434,300
train_00_11400_01200.jpg,600,600,barge,576,215,594,286
train_00_11400_01200.jpg,600,600,unknown,401,304,431,328
train_00_11400_01200.jpg,600,600,barge,507,308,529,358
train_00_11400_01200.jpg,600,600,barge,545,371,578,443
train_00_11400_01200.jpg,600,600,barge,529,305,551,355
train_00_11400_01200.jpg,600,600,barge,549,305,566,344
train_00_11400_01200.jpg,600,600,barge,565,300,584,343
train_00_11400_01200.jpg,600,600,barge,584,300,600,339
train_00_11400_01200.jpg,600,600,barge,578,367,600,428
train_00_11400_01200.jpg,600,600,ship,573,477,580,496
train_00_11400_01200.jpg,600,600,barge,580,472,600,531
train_00_11400_01200.jpg,600,600,barge,339,0,380,83
train_00_11400_01200.jpg,600,600,barge,306,0,348,83
train_00_11400_01200.jpg,600,600,barge,291,34,319,102
train_00_11400_01200.jpg,600,600,barge,261,0,291,35
train_00_11400_01200.jpg,600,600,barge,269,35,301,108
train_00_11400_01800.jpg,600,600,barge,0,50,9,89
train_00_11400_01800.jpg,600,600,barge,4,14,17,49
train_00_11400_01800.jpg,600,600,barge,51,0,75,22
train_00_11400_01800.jpg,600,600,barge,60,27,80,76
train_00_11400_01800.jpg,600,600,barge,78,0,96,29
train_00_11400_01800.jpg,600,600,barge,156,8,178,46
train_00_11400_01800.jpg,600,600,barge,22,210,40,281
train_00_11400_01800.jpg,600,600,barge,1,210,19,281
train_00_11400_01800.jpg,600,600,barge,163,192,175,253
train_00_11400_01800.jpg,600,600,barge,147,192,161,251
train_00_11400_01800.jpg,600,600,barge,131,205,143,253
train_00_11400_01800.jpg,600,600,barge,114,206,126,254
train_00_11400_01800.jpg,600,600,barge,97,207,110,264
train_00_11400_01800.jpg,600,600,barge,79,215,97,275
train_00_11400_01800.jpg,600,600,barge,8,293,186,329
train_00_11400_01800.jpg,600,600,ship,20,368,31,409
train_00_11400_01800.jpg,600,600,barge,63,282,100,296
train_00_11400_01800.jpg,600,600,barge,102,282,121,290
train_00_11400_01800.jpg,600,600,barge,127,259,184,286
train_00_11400_01800.jpg,600,600,ship,65,473,74,494
train_00_11400_01800.jpg,600,600,barge,37,366,58,409
train_00_11400_01800.jpg,600,600,barge,0,363,33,468
train_00_11400_01800.jpg,600,600,barge,9,472,36,531
train_00_11400_01800.jpg,600,600,barge,75,470,93,518
train_00_11400_01800.jpg,600,600,barge,62,352,94,458
train_00_11400_01800.jpg,600,600,barge,95,438,136,516
train_00_11400_01800.jpg,600,600,ship,13,573,41,590
train_00_11400_01800.jpg,600,600,ship,403,406,426,415
train_00_11400_01800.jpg,600,600,ship,450,263,460,293
train_00_11400_01800.jpg,600,600,ship,440,263,448,292
train_00_11400_01800.jpg,600,600,ship,446,227,454,256
train_00_11400_01800.jpg,600,600,ship,436,227,443,257
train_00_11400_01800.jpg,600,600,ship,360,324,393,339
train_00_11400_01800.jpg,600,600,ship,447,330,458,357
train_00_11400_01800.jpg,600,600,barge,362,426,393,501
train_00_11400_01800.jpg,600,600,barge,316,432,338,504
train_00_11400_01800.jpg,600,600,barge,284,239,310,305
train_00_11400_01800.jpg,600,600,barge,254,255,277,318
train_00_11400_01800.jpg,600,600,barge,225,256,253,325
train_00_11400_01800.jpg,600,600,barge,202,182,238,251
train_00_11400_01800.jpg,600,600,barge,310,178,331,216
train_00_11400_01800.jpg,600,600,barge,178,186,198,252
train_00_11400_01800.jpg,600,600,barge,313,230,335,302
train_00_11400_01800.jpg,600,600,barge,375,327,450,403
train_00_11400_01800.jpg,600,600,barge,392,334,416,390
train_00_11400_01800.jpg,600,600,barge,371,345,391,392
train_00_11400_01800.jpg,600,600,barge,347,333,369,405
train_00_11400_01800.jpg,600,600,barge,336,430,358,502
train_00_11400_01800.jpg,600,600,ship,336,239,347,261
train_00_11400_01800.jpg,600,600,barge,204,279,227,330
train_00_11400_01800.jpg,600,600,ship,352,273,360,304
train_00_11400_01800.jpg,600,600,ship,338,265,351,306
train_00_11400_01800.jpg,600,600,ship,361,266,373,305
train_00_11400_01800.jpg,600,600,barge,407,228,437,295
train_00_11400_01800.jpg,600,600,barge,401,176,427,220
train_00_11400_01800.jpg,600,600,barge,368,163,406,256
train_00_11400_01800.jpg,600,600,barge,360,220,376,254
train_00_11400_01800.jpg,600,600,barge,353,170,367,203
train_00_11400_01800.jpg,600,600,barge,507,234,528,281
train_00_11400_01800.jpg,600,600,barge,485,235,507,282
train_00_11400_01800.jpg,600,600,barge,506,176,528,228
train_00_11400_01800.jpg,600,600,barge,482,175,503,230
train_00_11400_01800.jpg,600,600,barge,547,223,567,271
train_00_11400_01800.jpg,600,600,barge,535,155,557,206
train_00_11400_01800.jpg,600,600,unknown,531,227,547,265
train_00_11400_01800.jpg,600,600,barge,179,0,205,42
train_00_11400_01800.jpg,600,600,barge,551,150,566,191
train_00_11400_01800.jpg,600,600,barge,561,202,586,276
train_00_11400_01800.jpg,600,600,barge,587,220,600,269
train_00_11400_01800.jpg,600,600,barge,579,171,592,215
train_00_11400_02400.jpg,600,600,barge,10,222,26,269
train_00_11400_02400.jpg,600,600,barge,117,204,141,265
train_00_11400_02400.jpg,600,600,barge,133,131,153,193
train_00_11400_02400.jpg,600,600,barge,111,131,130,194
train_00_11400_02400.jpg,600,600,barge,223,117,248,176
train_00_11400_02400.jpg,600,600,barge,208,123,233,183
train_00_11400_02400.jpg,600,600,barge,290,199,299,221
train_00_11400_02400.jpg,600,600,barge,302,169,316,194
train_00_11400_02400.jpg,600,600,barge,290,166,300,194
train_00_11400_02400.jpg,600,600,barge,254,176,268,206
train_00_11400_02400.jpg,600,600,barge,247,143,263,172
train_00_11400_02400.jpg,600,600,barge,263,123,281,172
train_00_11400_02400.jpg,600,600,barge,273,172,288,221
train_00_11400_02400.jpg,600,600,barge,99,205,118,256
train_00_11400_02400.jpg,600,600,barge,87,209,108,254
train_00_11400_02400.jpg,600,600,barge,72,210,95,246
train_00_11400_02400.jpg,600,600,barge,57,213,79,248
train_00_11400_02400.jpg,600,600,barge,64,312,103,396
train_00_11400_02400.jpg,600,600,barge,62,310,101,394
train_00_11400_02400.jpg,600,600,barge,481,540,500,600
train_00_11400_02400.jpg,600,600,barge,558,537,577,597
train_00_11400_02400.jpg,600,600,barge,539,539,558,599
train_00_11400_02400.jpg,600,600,barge,521,533,541,599
train_00_11400_02400.jpg,600,600,barge,502,550,516,599
train_00_11400_02400.jpg,600,600,barge,351,297,375,369
train_00_11400_02400.jpg,600,600,barge,398,297,422,369
train_00_11400_02400.jpg,600,600,barge,372,298,396,370
train_00_11400_02400.jpg,600,600,barge,396,166,419,231
train_00_11400_02400.jpg,600,600,barge,380,188,395,229
train_00_11400_02400.jpg,600,600,barge,417,167,440,226
train_00_11400_02400.jpg,600,600,barge,363,160,390,189
train_00_11400_02400.jpg,600,600,barge,388,89,412,154
train_00_11400_02400.jpg,600,600,barge,578,234,595,250
train_00_11400_02400.jpg,600,600,barge,564,203,589,226
train_00_11400_02400.jpg,600,600,barge,572,187,587,203
train_00_11400_02400.jpg,600,600,barge,552,116,579,166
train_00_11400_02400.jpg,600,600,barge,579,117,593,172
train_00_11400_02400.jpg,600,600,barge,589,175,600,201
train_00_11400_02400.jpg,600,600,barge,589,205,600,228
train_00_11400_02400.jpg,600,600,barge,594,147,600,174
train_00_11400_02400.jpg,600,600,barge,588,117,600,143
train_00_11400_02400.jpg,600,600,barge,585,70,597,108
train_00_11400_02400.jpg,600,600,barge,575,75,584,84
train_00_11400_02400.jpg,600,600,barge,574,87,582,108
train_00_11400_03000.jpg,600,600,barge,43,351,71,419
train_00_11400_03000.jpg,600,600,barge,38,262,60,326
train_00_11400_03000.jpg,600,600,barge,56,246,78,325
train_00_11400_03000.jpg,600,600,barge,63,331,88,409
train_00_11400_03000.jpg,600,600,barge,8,206,66,224
train_00_11400_03000.jpg,600,600,barge,4,143,40,204
train_00_11400_03000.jpg,600,600,barge,0,56,27,130
train_00_11400_03000.jpg,600,600,barge,117,89,133,158
train_00_11400_03000.jpg,600,600,barge,163,113,194,167
train_00_11400_03000.jpg,600,600,barge,135,89,159,153
train_00_11400_03000.jpg,600,600,barge,155,42,183,114
train_00_11400_03000.jpg,600,600,barge,71,199,121,221
train_00_11400_03000.jpg,600,600,barge,120,185,194,212
train_00_11400_03000.jpg,600,600,barge,125,165,194,188
train_00_11400_03000.jpg,600,600,barge,127,364,147,411
train_00_11400_03000.jpg,600,600,barge,106,367,126,417
train_00_11400_03000.jpg,600,600,barge,86,341,108,406
train_00_11400_03000.jpg,600,600,barge,123,277,148,340
train_00_11400_03000.jpg,600,600,barge,101,278,126,351
train_00_11400_03000.jpg,600,600,barge,72,242,99,325
train_00_11400_03000.jpg,600,600,barge,97,228,116,276
train_00_11400_03000.jpg,600,600,barge,195,359,215,406
train_00_11400_03000.jpg,600,600,barge,192,306,209,347
train_00_11400_03000.jpg,600,600,barge,179,257,205,308
train_00_11400_03000.jpg,600,600,barge,184,221,199,258
train_00_11400_03000.jpg,600,600,barge,195,537,216,587
train_00_11400_03000.jpg,600,600,barge,87,537,116,589
train_00_11400_03000.jpg,600,600,barge,142,534,163,584
train_00_11400_03000.jpg,600,600,barge,109,541,151,600
train_00_11400_03000.jpg,600,600,barge,161,536,196,591
train_00_11400_04800.jpg,600,600,ship,112,158,120,184
train_00_11400_10200.jpg,600,600,unknown,305,8,412,53
train_00_11594_01200.jpg,600,600,barge,308,39,336,122
train_00_11594_01200.jpg,600,600,barge,325,37,353,120
train_00_11594_01200.jpg,600,600,barge,346,37,374,120
train_00_11594_01200.jpg,600,600,barge,366,35,394,118
train_00_11594_01200.jpg,600,600,barge,311,127,401,139
train_00_11594_01200.jpg,600,600,barge,315,143,405,155
train_00_11594_01200.jpg,600,600,barge,320,165,410,177
train_00_11594_01200.jpg,600,600,barge,399,44,412,106
train_00_11594_01200.jpg,600,600,barge,421,44,434,106
train_00_11594_01200.jpg,600,600,barge,576,21,594,92
train_00_11594_01200.jpg,600,600,unknown,401,110,431,134
train_00_11594_01200.jpg,600,600,barge,507,114,529,164
train_00_11594_01200.jpg,600,600,barge,545,177,578,249
train_00_11594_01200.jpg,600,600,barge,529,111,551,161
train_00_11594_01200.jpg,600,600,barge,549,111,566,150
train_00_11594_01200.jpg,600,600,barge,565,106,584,149
train_00_11594_01200.jpg,600,600,barge,584,106,600,145
train_00_11594_01200.jpg,600,600,barge,578,173,600,234
train_00_11594_01200.jpg,600,600,ship,573,283,580,302
train_00_11594_01200.jpg,600,600,barge,580,278,600,337
train_00_11594_01200.jpg,600,600,barge,569,559,600,600
train_00_11594_01200.jpg,600,600,barge,548,559,566,597
train_00_11594_01200.jpg,600,600,barge,524,508,545,600
train_00_11594_01800.jpg,600,600,barge,22,16,40,87
train_00_11594_01800.jpg,600,600,barge,1,16,19,87
train_00_11594_01800.jpg,600,600,barge,163,0,175,59
train_00_11594_01800.jpg,600,600,barge,147,0,161,57
train_00_11594_01800.jpg,600,600,barge,131,11,143,59
train_00_11594_01800.jpg,600,600,barge,114,12,126,60
train_00_11594_01800.jpg,600,600,barge,97,13,110,70
train_00_11594_01800.jpg,600,600,barge,79,21,97,81
train_00_11594_01800.jpg,600,600,barge,8,99,186,135
train_00_11594_01800.jpg,600,600,ship,20,174,31,215
train_00_11594_01800.jpg,600,600,barge,63,88,100,102
train_00_11594_01800.jpg,600,600,barge,102,88,121,96
train_00_11594_01800.jpg,600,600,barge,127,65,184,92
train_00_11594_01800.jpg,600,600,ship,65,279,74,300
train_00_11594_01800.jpg,600,600,barge,37,172,58,215
train_00_11594_01800.jpg,600,600,barge,0,169,33,274
train_00_11594_01800.jpg,600,600,barge,9,278,36,337
train_00_11594_01800.jpg,600,600,barge,75,276,93,324
train_00_11594_01800.jpg,600,600,barge,62,158,94,264
train_00_11594_01800.jpg,600,600,barge,95,244,136,322
train_00_11594_01800.jpg,600,600,ship,13,379,41,396
train_00_11594_01800.jpg,600,600,barge,138,550,157,597
train_00_11594_01800.jpg,600,600,barge,114,545,134,598
train_00_11594_01800.jpg,600,600,barge,66,536,112,598
train_00_11594_01800.jpg,600,600,barge,348,439,369,525
train_00_11594_01800.jpg,600,600,barge,355,535,376,599
train_00_11594_01800.jpg,600,600,barge,333,538,351,599
train_00_11594_01800.jpg,600,600,barge,394,438,415,524
train_00_11594_01800.jpg,600,600,barge,370,438,391,524
train_00_11594_01800.jpg,600,600,ship,403,212,426,221
train_00_11594_01800.jpg,600,600,ship,450,69,460,99
train_00_11594_01800.jpg,600,600,ship,440,69,448,98
train_00_11594_01800.jpg,600,600,ship,446,33,454,62
train_00_11594_01800.jpg,600,600,ship,436,33,443,63
train_00_11594_01800.jpg,600,600,ship,360,130,393,145
train_00_11594_01800.jpg,600,600,ship,447,136,458,163
train_00_11594_01800.jpg,600,600,barge,362,232,393,307
train_00_11594_01800.jpg,600,600,barge,316,238,338,310
train_00_11594_01800.jpg,600,600,barge,284,45,310,111
train_00_11594_01800.jpg,600,600,barge,254,61,277,124
train_00_11594_01800.jpg,600,600,barge,225,62,253,131
train_00_11594_01800.jpg,600,600,barge,202,0,238,57
train_00_11594_01800.jpg,600,600,barge,310,0,331,22
train_00_11594_01800.jpg,600,600,barge,178,0,198,58
train_00_11594_01800.jpg,600,600,barge,313,36,335,108
train_00_11594_01800.jpg,600,600,barge,375,133,450,209
train_00_11594_01800.jpg,600,600,barge,392,140,416,196
train_00_11594_01800.jpg,600,600,barge,371,151,391,198
train_00_11594_01800.jpg,600,600,barge,347,139,369,211
train_00_11594_01800.jpg,600,600,barge,336,236,358,308
train_00_11594_01800.jpg,600,600,ship,336,45,347,67
train_00_11594_01800.jpg,600,600,barge,204,85,227,136
train_00_11594_01800.jpg,600,600,ship,352,79,360,110
train_00_11594_01800.jpg,600,600,ship,338,71,351,112
train_00_11594_01800.jpg,600,600,ship,361,72,373,111
train_00_11594_01800.jpg,600,600,barge,407,34,437,101
train_00_11594_01800.jpg,600,600,barge,401,0,427,26
train_00_11594_01800.jpg,600,600,barge,368,0,406,62
train_00_11594_01800.jpg,600,600,barge,360,26,376,60
train_00_11594_01800.jpg,600,600,barge,507,40,528,87
train_00_11594_01800.jpg,600,600,barge,485,41,507,88
train_00_11594_01800.jpg,600,600,barge,506,0,528,34
train_00_11594_01800.jpg,600,600,barge,482,0,503,36
train_00_11594_01800.jpg,600,600,barge,547,29,567,77
train_00_11594_01800.jpg,600,600,unknown,531,33,547,71
train_00_11594_01800.jpg,600,600,barge,561,8,586,82
train_00_11594_01800.jpg,600,600,barge,587,26,600,75
train_00_11594_02400.jpg,600,600,barge,10,28,26,75
train_00_11594_02400.jpg,600,600,barge,117,10,141,71
train_00_11594_02400.jpg,600,600,barge,290,5,299,27
train_00_11594_02400.jpg,600,600,barge,273,0,288,27
train_00_11594_02400.jpg,600,600,barge,99,11,118,62
train_00_11594_02400.jpg,600,600,barge,87,15,108,60
train_00_11594_02400.jpg,600,600,barge,72,16,95,52
train_00_11594_02400.jpg,600,600,barge,57,19,79,54
train_00_11594_02400.jpg,600,600,barge,64,118,103,202
train_00_11594_02400.jpg,600,600,barge,62,116,101,200
train_00_11594_02400.jpg,600,600,barge,52,436,75,490
train_00_11594_02400.jpg,600,600,barge,71,431,94,485
train_00_11594_02400.jpg,600,600,barge,93,480,118,546
train_00_11594_02400.jpg,600,600,barge,70,489,93,543
train_00_11594_02400.jpg,600,600,barge,54,492,79,542
train_00_11594_02400.jpg,600,600,barge,40,498,61,547
train_00_11594_02400.jpg,600,600,barge,50,434,73,488
train_00_11594_02400.jpg,600,600,barge,305,507,328,561
train_00_11594_02400.jpg,600,600,barge,303,425,327,487
train_00_11594_02400.jpg,600,600,barge,281,479,310,561
train_00_11594_02400.jpg,600,600,barge,324,423,352,497
train_00_11594_02400.jpg,600,600,barge,330,512,350,553
train_00_11594_02400.jpg,600,600,barge,481,410,502,481
train_00_11594_02400.jpg,600,600,barge,481,346,500,406
train_00_11594_02400.jpg,600,600,barge,448,403,487,486
train_00_11594_02400.jpg,600,600,barge,558,343,577,403
train_00_11594_02400.jpg,600,600,barge,539,345,558,405
train_00_11594_02400.jpg,600,600,barge,521,339,541,405
train_00_11594_02400.jpg,600,600,barge,502,356,516,405
train_00_11594_02400.jpg,600,600,barge,527,406,550,466
train_00_11594_02400.jpg,600,600,barge,500,406,526,469
train_00_11594_02400.jpg,600,600,barge,536,476,555,536
train_00_11594_02400.jpg,600,600,barge,351,103,375,175
train_00_11594_02400.jpg,600,600,barge,398,103,422,175
train_00_11594_02400.jpg,600,600,barge,372,104,396,176
train_00_11594_02400.jpg,600,600,barge,396,0,419,37
train_00_11594_02400.jpg,600,600,barge,380,0,395,35
train_00_11594_02400.jpg,600,600,barge,417,0,440,32
train_00_11594_02400.jpg,600,600,barge,578,40,595,56
train_00_11594_02400.jpg,600,600,barge,564,9,589,32
train_00_11594_02400.jpg,600,600,barge,572,0,587,9
train_00_11594_02400.jpg,600,600,barge,589,11,600,34
train_00_11594_03000.jpg,600,600,barge,43,157,71,225
train_00_11594_03000.jpg,600,600,barge,38,68,60,132
train_00_11594_03000.jpg,600,600,barge,56,52,78,131
train_00_11594_03000.jpg,600,600,barge,63,137,88,215
train_00_11594_03000.jpg,600,600,barge,8,12,66,30
train_00_11594_03000.jpg,600,600,barge,71,5,121,27
train_00_11594_03000.jpg,600,600,barge,120,0,194,18
train_00_11594_03000.jpg,600,600,barge,127,170,147,217
train_00_11594_03000.jpg,600,600,barge,106,173,126,223
train_00_11594_03000.jpg,600,600,barge,86,147,108,212
train_00_11594_03000.jpg,600,600,barge,123,83,148,146
train_00_11594_03000.jpg,600,600,barge,101,84,126,157
train_00_11594_03000.jpg,600,600,barge,72,48,99,131
train_00_11594_03000.jpg,600,600,barge,97,34,116,82
train_00_11594_03000.jpg,600,600,barge,195,165,215,212
train_00_11594_03000.jpg,600,600,barge,192,112,209,153
train_00_11594_03000.jpg,600,600,barge,179,63,205,114
train_00_11594_03000.jpg,600,600,barge,184,27,199,64
train_00_11594_03000.jpg,600,600,ship,73,416,85,456
train_00_11594_03000.jpg,600,600,barge,195,343,216,393
train_00_11594_03000.jpg,600,600,barge,82,419,98,452
train_00_11594_03000.jpg,600,600,barge,92,392,119,454
train_00_11594_03000.jpg,600,600,barge,87,343,116,395
train_00_11594_03000.jpg,600,600,barge,110,457,131,507
train_00_11594_03000.jpg,600,600,barge,93,461,116,509
train_00_11594_03000.jpg,600,600,barge,80,465,98,514
train_00_11594_03000.jpg,600,600,barge,154,448,175,498
train_00_11594_03000.jpg,600,600,barge,147,393,168,443
train_00_11594_03000.jpg,600,600,barge,142,340,163,390
train_00_11594_03000.jpg,600,600,barge,109,347,151,454
train_00_11594_03000.jpg,600,600,barge,133,465,156,503
train_00_11594_03000.jpg,600,600,ship,231,445,240,472
train_00_11594_03000.jpg,600,600,barge,161,342,196,397
train_00_11594_03000.jpg,600,600,ship,231,475,241,501
train_00_11594_03000.jpg,600,600,barge,169,396,233,513
train_01_00000_04200.jpg,600,600,ship,579,133,593,165
train_01_00000_04200.jpg,600,600,ship,566,254,579,299
train_01_00000_04200.jpg,600,600,ship,579,334,590,357
train_01_00000_04200.jpg,600,600,ship,560,332,576,354
train_01_00000_04200.jpg,600,600,ship,552,370,584,388
train_01_00000_04200.jpg,600,600,ship,545,388,566,402
train_01_00000_04200.jpg,600,600,ship,552,412,571,424
train_01_00000_04200.jpg,600,600,ship,592,407,600,427
train_01_00000_04800.jpg,600,600,ship,538,27,600,57
train_01_00000_04800.jpg,600,600,ship,408,71,431,125
train_01_00000_04800.jpg,600,600,ship,385,129,411,183
train_01_00000_04800.jpg,600,600,ship,277,408,297,448
train_01_00000_04800.jpg,600,600,ship,288,405,313,443
train_01_00000_04800.jpg,600,600,ship,326,328,343,357
train_01_00000_04800.jpg,600,600,ship,318,326,335,356
train_01_00000_04800.jpg,600,600,ship,323,291,337,315
train_01_00000_04800.jpg,600,600,ship,335,287,341,314
train_01_00000_04800.jpg,600,600,ship,342,288,348,315
train_01_00000_04800.jpg,600,600,ship,346,290,354,314
train_01_00000_04800.jpg,600,600,ship,348,263,361,285
train_01_00000_04800.jpg,600,600,ship,354,265,368,285
train_01_00000_04800.jpg,600,600,ship,354,240,368,263
train_01_00000_04800.jpg,600,600,ship,364,244,374,265
train_01_00000_04800.jpg,600,600,ship,366,222,377,241
train_01_00000_04800.jpg,600,600,ship,372,227,382,246
train_01_00000_04800.jpg,600,600,ship,367,202,378,219
train_01_00000_04800.jpg,600,600,ship,374,206,385,224
train_01_00000_04800.jpg,600,600,ship,15,265,28,307
train_01_00000_04800.jpg,600,600,ship,3,330,15,352
train_01_00000_04800.jpg,600,600,ship,19,338,29,357
train_01_00000_04800.jpg,600,600,ship,0,1,25,60
train_01_00000_05400.jpg,600,600,ship,274,1,514,53
train_01_00000_06000.jpg,600,600,ship,0,157,43,496
train_01_00000_09000.jpg,600,600,ship,496,9,569,120
train_01_00000_09600.jpg,600,600,ship,153,165,178,191
train_01_00000_09600.jpg,600,600,ship,0,127,54,248
train_01_00600_04800.jpg,600,600,ship,177,182,190,218
train_01_00600_04800.jpg,600,600,ship,189,223,205,246
train_01_00600_04800.jpg,600,600,ship,194,167,207,193
train_01_00600_04800.jpg,600,600,ship,192,303,199,324
train_01_00600_04800.jpg,600,600,ship,163,276,171,295
train_01_00600_04800.jpg,600,600,ship,167,251,177,273
train_01_00600_04800.jpg,600,600,ship,192,251,199,273
train_01_00600_04800.jpg,600,600,ship,176,272,184,295
train_01_00600_04800.jpg,600,600,barge,169,299,179,328
train_01_00600_04800.jpg,600,600,barge,129,472,157,544
train_01_00600_04800.jpg,600,600,ship,144,571,171,584
train_01_00600_08400.jpg,600,600,ship,94,447,145,514
train_01_00600_09600.jpg,600,600,ship,482,149,494,178
train_01_01200_04200.jpg,600,600,ship,275,513,349,532
train_01_01200_04200.jpg,600,600,ship,250,536,274,584
train_01_01200_04800.jpg,600,600,ship,127,0,136,16
train_01_01200_04800.jpg,600,600,ship,134,0,144,24
train_01_01200_04800.jpg,600,600,ship,143,0,152,22
train_01_01200_04800.jpg,600,600,ship,121,29,158,58
train_01_01200_04800.jpg,600,600,ship,110,40,140,57
train_01_01200_04800.jpg,600,600,ship,109,54,149,68
train_01_01200_04800.jpg,600,600,ship,115,64,160,81
train_01_01200_04800.jpg,600,600,ship,124,77,163,88
train_01_01200_04800.jpg,600,600,ship,121,96,158,109
train_01_01200_04800.jpg,600,600,ship,126,91,149,102
train_01_01200_04800.jpg,600,600,barge,74,113,105,167
train_01_01200_04800.jpg,600,600,barge,92,119,126,170
train_01_01200_04800.jpg,600,600,barge,70,176,96,229
train_01_01200_04800.jpg,600,600,barge,90,167,121,230
train_01_01200_04800.jpg,600,600,barge,93,229,112,260
train_01_01200_04800.jpg,600,600,barge,107,220,130,261
train_01_01200_04800.jpg,600,600,barge,109,369,137,435
train_01_01200_04800.jpg,600,600,barge,73,435,84,469
train_01_01200_04800.jpg,600,600,barge,85,429,104,469
train_01_01200_04800.jpg,600,600,barge,43,493,62,545
train_01_01200_04800.jpg,600,600,barge,97,522,118,582
train_01_01200_04800.jpg,600,600,barge,68,578,81,600
train_01_01200_04800.jpg,600,600,barge,79,579,92,600
train_01_01200_04800.jpg,600,600,barge,89,574,103,600
train_01_01200_04800.jpg,600,600,barge,62,500,77,541
train_01_01200_04800.jpg,600,600,barge,99,475,113,519
train_01_01200_04800.jpg,600,600,barge,65,544,81,579
train_01_01200_04800.jpg,600,600,barge,64,363,90,422
train_01_01200_04800.jpg,600,600,barge,95,261,122,318
train_01_01200_04800.jpg,600,600,barge,96,321,119,370
train_01_01200_04800.jpg,600,600,barge,116,121,162,219
train_01_01200_04800.jpg,600,600,barge,79,492,98,543
train_01_01200_07200.jpg,600,600,ship,37,526,222,600
train_01_01800_03000.jpg,600,600,ship,296,472,312,493
train_01_01800_03000.jpg,600,600,ship,271,449,299,482
train_01_01800_03000.jpg,600,600,ship,264,449,295,490
train_01_01800_03000.jpg,600,600,ship,246,442,271,480
train_01_01800_03000.jpg,600,600,ship,227,443,268,498
train_01_01800_03000.jpg,600,600,ship,212,440,249,497
train_01_01800_03000.jpg,600,600,ship,199,445,231,491
train_01_01800_03000.jpg,600,600,ship,185,438,210,485
train_01_01800_03000.jpg,600,600,ship,174,438,196,479
train_01_01800_03000.jpg,600,600,ship,162,434,184,485
train_01_01800_03000.jpg,600,600,ship,149,426,168,468
train_01_01800_03000.jpg,600,600,ship,132,427,154,469
train_01_01800_03000.jpg,600,600,ship,124,421,139,459
train_01_01800_03000.jpg,600,600,ship,115,423,127,460
train_01_01800_03000.jpg,600,600,ship,106,419,116,446
train_01_01800_03000.jpg,600,600,ship,60,533,79,548
train_01_01800_03600.jpg,600,600,ship,401,452,429,470
train_01_01800_04200.jpg,600,600,ship,431,503,455,600
train_01_01800_04800.jpg,600,600,ship,21,74,37,96
train_01_01800_04800.jpg,600,600,barge,74,118,90,156
train_01_01800_04800.jpg,600,600,barge,87,123,105,156
train_01_01800_06000.jpg,600,600,ship,8,351,65,600
train_01_01800_07200.jpg,600,600,ship,58,0,236,81
train_01_01800_10200.jpg,600,600,ship,488,315,600,600
train_01_01800_11400.jpg,600,600,ship,451,194,546,331
train_01_01800_12600.jpg,600,600,ship,71,402,163,542
train_01_02400_02400.jpg,600,600,ship,512,1,535,40
train_01_02400_02400.jpg,600,600,ship,482,27,491,61
train_01_02400_02400.jpg,600,600,ship,472,26,483,71
train_01_02400_02400.jpg,600,600,ship,431,42,460,82
train_01_02400_02400.jpg,600,600,barge,398,63,424,101
train_01_02400_02400.jpg,600,600,ship,388,64,412,109
train_01_02400_02400.jpg,600,600,ship,333,101,361,137
train_01_02400_02400.jpg,600,600,ship,324,107,348,146
train_01_02400_02400.jpg,600,600,ship,279,167,313,192
train_01_02400_02400.jpg,600,600,ship,285,153,315,170
train_01_02400_02400.jpg,600,600,ship,279,121,311,147
train_01_02400_02400.jpg,600,600,ship,274,106,315,136
train_01_02400_02400.jpg,600,600,ship,269,96,312,122
train_01_02400_02400.jpg,600,600,ship,264,82,309,107
train_01_02400_02400.jpg,600,600,ship,347,215,364,237
train_01_02400_02400.jpg,600,600,ship,352,246,380,287
train_01_02400_02400.jpg,600,600,ship,378,284,402,313
train_01_02400_02400.jpg,600,600,ship,404,309,419,326
train_01_02400_03600.jpg,600,600,ship,166,570,200,600
train_01_02400_03600.jpg,600,600,ship,157,534,176,571
train_01_02400_03600.jpg,600,600,ship,1,139,11,157
train_01_02400_03600.jpg,600,600,ship,12,154,21,170
train_01_02400_03600.jpg,600,600,ship,7,137,16,154
train_01_02400_04200.jpg,600,600,ship,454,426,467,450
train_01_02400_04200.jpg,600,600,barge,435,429,471,484
train_01_02400_04200.jpg,600,600,ship,485,217,499,241
train_01_02400_12000.jpg,600,600,ship,394,426,492,570
train_01_02400_12000.jpg,600,600,ship,105,0,199,124
train_01_02400_13154.jpg,600,600,barge,153,87,233,194
train_01_02400_13154.jpg,600,600,barge,83,190,170,312
train_01_03000_04800.jpg,600,600,ship,191,567,248,591
train_01_03000_04800.jpg,600,600,barge,451,540,519,584
train_01_03000_04800.jpg,600,600,barge,338,541,451,589
train_01_03000_06000.jpg,600,600,ship,18,0,85,175
train_01_03000_07200.jpg,600,600,ship,556,504,571,541
train_01_03000_07800.jpg,600,600,barge,190,562,255,600
train_01_03000_07800.jpg,600,600,barge,118,531,224,600
train_01_03000_08400.jpg,600,600,ship,79,307,241,426
train_01_03000_08400.jpg,600,600,ship,0,310,38,350
train_01_03000_08400.jpg,600,600,barge,0,185,65,289
train_01_03000_08400.jpg,600,600,barge,0,226,109,347
train_01_03000_10200.jpg,600,600,ship,351,297,491,492
train_01_03600_04200.jpg,600,600,ship,468,371,493,386
train_01_03600_05400.jpg,600,600,ship,17,77,34,129
train_01_03600_05400.jpg,600,600,barge,86,104,100,131
train_01_03600_05400.jpg,600,600,barge,99,106,111,127
train_01_03600_06600.jpg,600,600,ship,113,575,154,600
train_01_03600_06600.jpg,600,600,ship,81,474,99,503
train_01_03600_07800.jpg,600,600,ship,171,46,199,75
train_01_03600_07800.jpg,600,600,ship,540,160,588,189
train_01_03600_07800.jpg,600,600,ship,526,128,567,161
train_01_03600_08400.jpg,600,600,barge,143,412,214,475
train_01_03600_08400.jpg,600,600,barge,123,377,215,441
train_01_03600_08400.jpg,600,600,barge,77,441,148,508
train_01_03600_08400.jpg,600,600,barge,42,431,124,503
train_01_03600_08400.jpg,600,600,barge,17,355,143,458
train_01_03600_08400.jpg,600,600,barge,174,236,272,326
train_01_03600_08400.jpg,600,600,barge,202,276,295,347
train_01_03600_08400.jpg,600,600,ship,190,175,240,207
train_01_03600_08400.jpg,600,600,ship,98,160,123,179
train_01_03600_08400.jpg,600,600,ship,114,50,156,81
train_01_03600_08400.jpg,600,600,ship,47,90,90,119
train_01_03600_08400.jpg,600,600,ship,0,123,40,155
train_01_03600_08400.jpg,600,600,ship,42,26,116,82
train_01_03600_10800.jpg,600,600,ship,146,303,319,555
train_01_03600_11400.jpg,600,600,ship,335,161,551,456
train_01_03600_12600.jpg,600,600,ship,48,249,243,600
train_01_04200_04200.jpg,600,600,barge,465,151,496,235
train_01_04200_04200.jpg,600,600,barge,388,199,415,259
train_01_04200_04200.jpg,600,600,barge,388,257,413,309
train_01_04200_04200.jpg,600,600,ship,349,242,363,274
train_01_04200_04200.jpg,600,600,barge,482,0,518,71
train_01_04200_04200.jpg,600,600,ship,367,541,381,570
train_01_04200_06000.jpg,600,600,ship,431,140,554,430
train_01_04200_11400.jpg,600,600,barge,0,337,47,441
train_01_04200_12600.jpg,600,600,ship,273,151,303,181
train_01_04800_07200.jpg,600,600,ship,140,80,231,229
train_01_04800_09000.jpg,600,600,ship,223,0,583,466
train_01_04800_11400.jpg,600,600,ship,444,495,581,600
train_01_04800_12600.jpg,600,600,ship,447,362,503,418
train_01_05400_04200.jpg,600,600,barge,365,137,391,228
train_01_05400_04200.jpg,600,600,barge,271,336,298,385
train_01_05400_04200.jpg,600,600,barge,254,337,277,390
train_01_05400_04200.jpg,600,600,ship,257,308,275,339
train_01_05400_04200.jpg,600,600,barge,220,310,256,388
train_01_05400_09600.jpg,600,600,ship,321,384,476,600
train_01_06000_04200.jpg,600,600,ship,201,138,236,157
train_01_06000_04200.jpg,600,600,ship,340,285,352,306
train_01_06000_07200.jpg,600,600,ship,0,229,218,600
train_01_06000_08400.jpg,600,600,ship,534,11,569,39
train_01_06000_09600.jpg,600,600,ship,488,42,600,323
train_01_06000_09600.jpg,600,600,ship,46,186,84,221
train_01_06000_10200.jpg,600,600,ship,60,344,346,600
train_01_06600_02400.jpg,600,600,ship,574,355,600,383
train_01_06600_02400.jpg,600,600,ship,571,371,600,393
train_01_06600_02400.jpg,600,600,ship,579,386,599,395
train_01_06600_02400.jpg,600,600,ship,574,393,599,406
train_01_06600_03000.jpg,600,600,ship,101,262,118,301
train_01_06600_03000.jpg,600,600,ship,90,256,110,299
train_01_06600_03000.jpg,600,600,ship,47,266,61,295
train_01_06600_03000.jpg,600,600,ship,37,263,45,290
train_01_06600_03000.jpg,600,600,ship,32,262,40,287
train_01_06600_03000.jpg,600,600,ship,16,256,32,274
train_01_06600_03000.jpg,600,600,ship,6,286,24,301
train_01_06600_03000.jpg,600,600,ship,10,282,29,293
train_01_06600_03000.jpg,600,600,ship,1,304,21,321
train_01_06600_03000.jpg,600,600,ship,0,318,41,346
train_01_06600_03000.jpg,600,600,ship,0,345,20,368
train_01_06600_07200.jpg,600,600,ship,224,236,478,600
train_01_06600_09000.jpg,600,600,ship,95,478,119,515
train_01_06600_10200.jpg,600,600,ship,309,487,364,528
train_01_06600_10200.jpg,600,600,ship,356,189,600,558
train_01_06600_11400.jpg,600,600,ship,293,422,325,454
train_01_07200_02400.jpg,600,600,ship,325,309,354,324
train_01_07200_02400.jpg,600,600,ship,324,315,352,330
train_01_07200_02400.jpg,600,600,ship,313,329,351,349
train_01_07200_02400.jpg,600,600,ship,308,340,349,360
train_01_07200_02400.jpg,600,600,ship,303,362,337,381
train_01_07200_02400.jpg,600,600,ship,299,370,335,388
train_01_07200_02400.jpg,600,600,ship,408,461,444,475
train_01_07200_02400.jpg,600,600,ship,407,469,446,486
train_01_07200_02400.jpg,600,600,ship,405,479,440,491
train_01_07200_02400.jpg,600,600,ship,402,494,438,512
train_01_07200_08400.jpg,600,600,ship,89,552,142,600
train_01_07200_10200.jpg,600,600,ship,291,549,315,579
train_01_07200_10200.jpg,600,600,ship,263,133,292,151
train_01_07200_10800.jpg,600,600,ship,482,517,525,600
train_01_07200_12000.jpg,600,600,ship,0,249,174,518
train_01_07800_02400.jpg,600,600,ship,279,40,312,50
train_01_07800_02400.jpg,600,600,ship,276,49,310,59
train_01_07800_02400.jpg,600,600,ship,244,54,275,68
train_01_07800_02400.jpg,600,600,ship,248,76,268,84
train_01_07800_02400.jpg,600,600,ship,271,71,306,82
train_01_07800_02400.jpg,600,600,ship,275,80,301,93
train_01_07800_02400.jpg,600,600,ship,247,71,271,79
train_01_07800_02400.jpg,600,600,ship,237,91,276,103
train_01_07800_02400.jpg,600,600,ship,235,101,279,111
train_01_07800_02400.jpg,600,600,ship,234,129,279,140
train_01_07800_07800.jpg,600,600,ship,237,63,600,600
train_01_07800_10200.jpg,600,600,ship,331,369,366,406
train_01_07800_10200.jpg,600,600,barge,334,7,367,84
train_01_07800_10200.jpg,600,600,barge,318,10,348,78
train_01_07800_10200.jpg,600,600,barge,296,15,334,89
train_01_07800_13154.jpg,600,600,ship,491,143,509,167
train_01_08400_12600.jpg,600,600,ship,11,444,41,459
train_01_08400_12600.jpg,600,600,ship,98,356,124,376
train_01_08400_12600.jpg,600,600,ship,127,343,156,368
train_01_09000_11400.jpg,600,600,ship,423,161,456,175
train_01_09000_11400.jpg,600,600,ship,152,412,202,454
